id,category,category_id,subject,subject_slug,source_title,list,list_id,endorsement,description,source_slug
1,Social protection,10,Alloggi popolari,alloggi-popolari,,,,,,
2,Social protection,10,Alloggi popolari,alloggi-popolari,,,,,,
3,Social protection,10,Alloggi popolari,alloggi-popolari,Programma elettorale AVS,Alleanza Verdi e Sinistra,6,green,"Vogliamo inoltre che importanti risorse aggiuntive vengano messe a disposizione degli enti locali, perl’adeguamento e il ripristino dell’attuale dotazione di case popolari, con particolare attenzioneall’efficientamento energetico.",programma-elettorale-avs
4,Social protection,10,Alloggi popolari,alloggi-popolari,Programma elettorale Azione Italia Viva,Azione-Italia Viva-Calenda,10,yellow,,programma-elettorale-azione-italia-viva
5,Social protection,10,Alloggi popolari,alloggi-popolari,Programma elettorale Lega,Lega,2,,,programma-elettorale-lega
6,Social protection,10,Alloggi popolari,alloggi-popolari,Programma elettorale M5S,Movimento 5 Stelle,9,,,programma-elettorale-m5s
7,Social protection,10,Alloggi popolari,alloggi-popolari,Programma elettorale PD,Partito Democratico,5,green,Lanceremo una nuova stagione di politiche abitative per garantire il diritto alla casa. Lo faremo realizzando 500.000 alloggi popolari nei prossimi 10 anni.,programma-elettorale-pd
8,Economic affairs,4,Apprendistato retribuito,apprendistato-retribuito,,,,,,
9,Economic affairs,4,Apprendistato retribuito,apprendistato-retribuito,,,,,,
10,Economic affairs,4,Apprendistato retribuito,apprendistato-retribuito,Programma elettorale AVS,Alleanza Verdi e Sinistra,6,yellow,,programma-elettorale-avs
11,Economic affairs,4,Apprendistato retribuito,apprendistato-retribuito,Programma elettorale Azione Italia Viva,Azione-Italia Viva-Calenda,10,yellow,,programma-elettorale-azione-italia-viva
12,Economic affairs,4,Apprendistato retribuito,apprendistato-retribuito,Programma elettorale Lega,Lega,2,,,programma-elettorale-lega
13,Economic affairs,4,Apprendistato retribuito,apprendistato-retribuito,Programma elettorale M5S,Movimento 5 Stelle,9,,,programma-elettorale-m5s
14,Economic affairs,4,Apprendistato retribuito,apprendistato-retribuito,Programma elettorale PD,Partito Democratico,5,green,"l’obbligo di retribuzione per stage curriculari e l’abolizione degli stage extra-curriculari, salvo quelli attivati nei 12 mesi successivi alla conclusione di un percorso di studi, così da assicurare che lo strumento torni a rappresentare un'occasione di formazione (e non più di lavoro mascherato, come è ora). Contemporaneamente incentiveremo l’apprendistato come principale strumento di ingresso nel mercato del lavoro;",programma-elettorale-pd
15,Economic affairs,4,Aumento assegno unico universale,aumento-assegno-unico-universale,,,,,,
16,Economic affairs,4,Aumento assegno unico universale,aumento-assegno-unico-universale,,,,,,
17,Economic affairs,4,Aumento assegno unico universale,aumento-assegno-unico-universale,Programma elettorale AVS,Alleanza Verdi e Sinistra,6,yellow,,programma-elettorale-avs
18,Economic affairs,4,Aumento assegno unico universale,aumento-assegno-unico-universale,Programma elettorale Azione Italia Viva,Azione-Italia Viva-Calenda,10,green,"Potenziamento dell’Assegno Unico e Universale con aumento della maggiorazione in caso di secondo percettore di reddito e revisione dell’ISEE (necessario aumentare il peso: di figli o persone con disabilità a carico delle famiglie)
",programma-elettorale-azione-italia-viva
19,Economic affairs,4,Aumento assegno unico universale,aumento-assegno-unico-universale,Programma elettorale Lega,Lega,2,yellow,,programma-elettorale-lega
20,Economic affairs,4,Aumento assegno unico universale,aumento-assegno-unico-universale,Programma elettorale M5S,Movimento 5 Stelle,9,yellow,,programma-elettorale-m5s
21,Economic affairs,4,Aumento assegno unico universale,aumento-assegno-unico-universale,Programma elettorale PD,Partito Democratico,5,green,"Promuoveremo politiche di sostegno per la famiglia, anche per affrontare il problema della povertà infantile, della denatalità e dell’inverno demografico. Ci impegniamo a migliorare ulteriormente l’Assegno unico e universale per i figli a carico, da noi fortemente voluto, potenziando le clausole di salvaguardia, in particolare per le persone con disabilità e le famiglie con figli disabili, e rivedendo il peso della prima casa nel calcolo dell’ISEE utilizzato per l’Assegno unico. Vogliamo valorizzare, adottando un approccio sistemico, le relazioni di prossimità tra comunità e famiglie in tutti i diversi ambiti della vita familiare.",programma-elettorale-pd
22,Health,7,Aumento medici di base,aumento-medici-di-base,,,,,,
23,Health,7,Aumento medici di base,aumento-medici-di-base,,,,,,
24,Health,7,Aumento medici di base,aumento-medici-di-base,Programma elettorale AVS,Alleanza Verdi e Sinistra,6,green,"Un Piano di rafforzamento strutturale del personale dipendente, con l’assunzione di complessivi 40 milaoperatori in tre anni, per riportare la dotazione di operatori ai livelli precedenti alla crisi, riducendocontestualmente la spesa per il lavoro precario, le collaborazioni esterne e le esternalizzazioni di servizi.",programma-elettorale-avs
25,Health,7,Aumento medici di base,aumento-medici-di-base,Programma elettorale Azione Italia Viva,Azione-Italia Viva-Calenda,10,yellow,,programma-elettorale-azione-italia-viva
26,Health,7,Aumento medici di base,aumento-medici-di-base,Programma elettorale Lega,Lega,2,,,programma-elettorale-lega
27,Health,7,Aumento medici di base,aumento-medici-di-base,Programma elettorale M5S,Movimento 5 Stelle,9,,,programma-elettorale-m5s
28,Health,7,Aumento medici di base,aumento-medici-di-base,Programma elettorale PD,Partito Democratico,5,green,"Investiremo sulle Case della Comunità come modello in grado di farsi prossimo alle esigenze di tutta la popolazione, in un’ottica di prossimità e multidisciplinarietà. Finanzieremo un Piano straordinario per il personale del Ssn, superando definitivamente i tetti di spesa in vigore da più di 10 anni, riducendo il ricorso a personale non strutturato (lavoratori precari, collaborazioni esterne ed esternalizzazioni), rafforzando ed incentivando la presenza sul territorio dei Medici di Medicina generale e degli infermieri di comunità, garantendo il tempestivo rinnovo dei contratti di lavoro. Un Piano finanziato attraverso un adeguato incremento del Fondo Sanitario Nazionale, affinché nessuno si ritrovi solo quando ha bisogno di assistenza.",programma-elettorale-pd
29,Economic affairs,4,Aumento posti lavoro medici,aumento-posti-lavoro-medici,,,,,,
30,Economic affairs,4,Aumento posti lavoro medici,aumento-posti-lavoro-medici,,,,,,
31,Economic affairs,4,Aumento posti lavoro medici,aumento-posti-lavoro-medici,Programma elettorale AVS,Alleanza Verdi e Sinistra,6,green,"Un Piano di rafforzamento strutturale del personale dipendente, con l’assunzione di complessivi 40 milaoperatori in tre anni, per riportare la dotazione di operatori ai livelli precedenti alla crisi, riducendocontestualmente la spesa per il lavoro precario, le collaborazioni esterne e le esternalizzazioni di servizi.",programma-elettorale-avs
32,Economic affairs,4,Aumento posti lavoro medici,aumento-posti-lavoro-medici,Programma elettorale Azione Italia Viva,Azione-Italia Viva-Calenda,10,yellow,,programma-elettorale-azione-italia-viva
33,Economic affairs,4,Aumento posti lavoro medici,aumento-posti-lavoro-medici,Programma elettorale Lega,Lega,2,,,programma-elettorale-lega
34,Economic affairs,4,Aumento posti lavoro medici,aumento-posti-lavoro-medici,Programma elettorale M5S,Movimento 5 Stelle,9,,,programma-elettorale-m5s
35,Economic affairs,4,Aumento posti lavoro medici,aumento-posti-lavoro-medici,Programma elettorale PD,Partito Democratico,5,green,"Investiremo sulle Case della Comunità come modello in grado di farsi prossimo alle esigenze di tutta la popolazione, in un’ottica di prossimità e multidisciplinarietà. Finanzieremo un Piano straordinario per il personale del Ssn, superando definitivamente i tetti di spesa in vigore da più di 10 anni, riducendo il ricorso a personale non strutturato (lavoratori precari, collaborazioni esterne ed esternalizzazioni), rafforzando ed incentivando la presenza sul territorio dei Medici di Medicina generale e degli infermieri di comunità, garantendo il tempestivo rinnovo dei contratti di lavoro. Un Piano finanziato attraverso un adeguato incremento del Fondo Sanitario Nazionale, affinché nessuno si ritrovi solo quando ha bisogno di assistenza.",programma-elettorale-pd
36,Economic affairs,4,Conto unico fiscale,conto-unico-fiscale,,,,,,
37,Economic affairs,4,Conto unico fiscale,conto-unico-fiscale,,,,,,
38,Economic affairs,4,Conto unico fiscale,conto-unico-fiscale,Programma elettorale AVS,Alleanza Verdi e Sinistra,6,yellow,,programma-elettorale-avs
39,Economic affairs,4,Conto unico fiscale,conto-unico-fiscale,Programma elettorale Azione Italia Viva,Azione-Italia Viva-Calenda,10,yellow,,programma-elettorale-azione-italia-viva
40,Economic affairs,4,Conto unico fiscale,conto-unico-fiscale,Programma elettorale Lega,Lega,2,yellow,,programma-elettorale-lega
41,Economic affairs,4,Conto unico fiscale,conto-unico-fiscale,Programma elettorale M5S,Movimento 5 Stelle,9,yellow,,programma-elettorale-m5s
42,Economic affairs,4,Conto unico fiscale,conto-unico-fiscale,Programma elettorale PD,Partito Democratico,5,yellow,,programma-elettorale-pd
43,Social protection,10,Contributo affitto giovani,contributo-affitto-giovani,,,,,,
44,Social protection,10,Contributo affitto giovani,contributo-affitto-giovani,,,,,,
45,Social protection,10,Contributo affitto giovani,contributo-affitto-giovani,Programma elettorale AVS,Alleanza Verdi e Sinistra,6,red,"Noi riteniamo che la migliore soluzione praticabile a questo problema sia il rilancio dell’edilizia residenziale pubblica, che le politiche degli ultimi decenni hanno di fatto smantellato nella sua dimensione di welfarediffuso, relegandola ad una dimensione meramente assistenziale ed emergenziale.",programma-elettorale-avs
46,Social protection,10,Contributo affitto giovani,contributo-affitto-giovani,Programma elettorale Azione Italia Viva,Azione-Italia Viva-Calenda,10,yellow,,programma-elettorale-azione-italia-viva
47,Social protection,10,Contributo affitto giovani,contributo-affitto-giovani,Programma elettorale Lega,Lega,2,,,programma-elettorale-lega
48,Social protection,10,Contributo affitto giovani,contributo-affitto-giovani,Programma elettorale M5S,Movimento 5 Stelle,9,,,programma-elettorale-m5s
49,Social protection,10,Contributo affitto giovani,contributo-affitto-giovani,Programma elettorale PD,Partito Democratico,5,green,"Aiuteremo le ragazze e i ragazzi a uscire di casa, potenziando il Fondo di garanzia mutui per la prima casa e introducendo un contributo affitti di 2.000 € per studenti e lavoratori (under 35) in base al reddito.",programma-elettorale-pd
50,Values and rights,11,DDL Zan,ddl-zan,,,,,,
51,Values and rights,11,DDL Zan,ddl-zan,,,,,,
52,Values and rights,11,DDL Zan,ddl-zan,Programma elettorale AVS,Alleanza Verdi e Sinistra,6,green,"Una legge sull’uguaglianza e la pari dignità familiare che dia risposte concrete e che spazzi via l’ipocrisia di voler mantenere le donne, i figli e le figlie delle famiglie arcobaleno e le persone lgbt+ un gradino sotto le altre.",programma-elettorale-avs
53,Values and rights,11,DDL Zan,ddl-zan,Programma elettorale Azione Italia Viva,Azione-Italia Viva-Calenda,10,,,programma-elettorale-azione-italia-viva
54,Values and rights,11,DDL Zan,ddl-zan,Programma elettorale Lega,Lega,2,yellow,Non se ne parla nel programma,programma-elettorale-lega
55,Values and rights,11,DDL Zan,ddl-zan,Programma elettorale M5S,Movimento 5 Stelle,9,green,MATRIMONIO EGUALITARIO E LEGGE CONTRO L’OMOTRANSFOBIA,programma-elettorale-m5s
56,Values and rights,11,DDL Zan,ddl-zan,Programma elettorale PD,Partito Democratico,5,green,Approveremo subito la legge contro l’omolesbobitransfobia (DDL Zan) e introdurremo il matrimonio egualitario.,programma-elettorale-pd
57,Economic affairs,4,Energia rinnovabile,energia-rinnovabile,,,,,,
58,Economic affairs,4,Energia rinnovabile,energia-rinnovabile,,,,,,
59,Economic affairs,4,Energia rinnovabile,energia-rinnovabile,Programma elettorale AVS,Alleanza Verdi e Sinistra,6,green,Raggiungere per il fabbisogno elettrico 80% di penetrazione rinnovabile al 2030 e quasi 100% al 2035attraverso una programmazione annuale minima di sviluppo rinnovabili e sblocco autorizzazioni.Priorità ad energia solare ed eolico a terra e marino. A tal proposito è necessario realizzare 60GW dirinnovabili entro tre anni individuando anche figure di commissari e sub commissari regionali persbloccare le autorizzazioni.,programma-elettorale-avs
60,Economic affairs,4,Energia rinnovabile,energia-rinnovabile,Programma elettorale Azione Italia Viva,Azione-Italia Viva-Calenda,10,green,"Rafforzare la strategia sulle energie rinnovabili, anche completando il processo di individuazione delle aree idonee all’installazione di impianti di generazione elettrica da fonti rinnovabili per velocizzare il processo di localizzazione e autorizzazione; completare l’opera di semplificazione delle autorizzazioni per gli impianti; programmare le nuove aste FER; valorizzare l’idroelettrico come asset strategico per il paese; favorire lo sviluppo dell’idrogeno.",programma-elettorale-azione-italia-viva
61,Economic affairs,4,Energia rinnovabile,energia-rinnovabile,Programma elettorale Lega,Lega,2,,,programma-elettorale-lega
62,Economic affairs,4,Energia rinnovabile,energia-rinnovabile,Programma elettorale M5S,Movimento 5 Stelle,9,,,programma-elettorale-m5s
63,Economic affairs,4,Energia rinnovabile,energia-rinnovabile,Programma elettorale PD,Partito Democratico,5,green,"La transizione verde non deve essere vissuta in chiave difensiva. È invece un’occasione per cambiare paradigma. Investire subito, da oggi, nell’energia pulita è tre volte strategico. Primo, perché contrasta il cambiamento climatico abbattendo le emissioni di CO2. Secondo, perché taglia in maniera strutturale il prezzo delle bollette per famiglie e imprese e crea nuovi posti di lavoro. Terzo, perché rafforza la nostra sicurezza nazionale, riducendo la dipendenza dall’importazione di fonti fossili dall’estero.",programma-elettorale-pd
64,Economic affairs,4,Flat tax,flat-tax,,,,,,
65,Economic affairs,4,Flat tax,flat-tax,,,,,,
66,Economic affairs,4,Flat tax,flat-tax,Programma elettorale AVS,Alleanza Verdi e Sinistra,6,red,"Riforma dell’imposta sulle persone fisiche
Oggi in Italia chi vive di rendite finanziarie o immobiliari paga meno tasse di chi lavora.

Noi crediamo invece che tutte le fonti di reddito debbano essere cumulate e tassate alla stessa maniera, con un’imposta unica e progressiva.

Vogliamo inoltre che il carico fiscale sia redistribuito, a vantaggio dei redditi più bassi.

Per questo proponiamo di alzare a 1.000 euro la quota di reddito esente da imposte, per poi applicare un’aliquota mobile crescente sul modello tedesco, che arrivi al 65% per i redditi superiori ai 10 milioni di euro.",programma-elettorale-avs
67,Economic affairs,4,Flat tax,flat-tax,Programma elettorale Azione Italia Viva,Azione-Italia Viva-Calenda,10,red,"Proponiamo di riformare l’Irpef attraverso questi interventi:
•        introduzione di un minimo esente, inteso come maxi-deduzione corrispondente all’ammon- tare che viene giudicato essenziale per sopravvivere. Esso, in una società liberale e attenta agli ultimi, non può essere oggetto di tassazione da parte dello Stato;
•        unificazione tra la detrazione per lavoro autonomo e quella per lavoro dipendente;
•        semplificazione dell’imposta, spostando tutte le spese fiscali in un sistema a rimborso diretto: pagamenti con strumenti tracciabili, e periodicamente lo Stato rimborserà la percen- tuale oggetto della vecchia detrazione;
•        semplificazione della struttura delle aliquote;
•        detassazione specifica per i giovani: totale fino a 25 anni, ridotta del 50% fino a 29 anni;
•        creazione della tassazione negativa, sul modello anglosassone: per i livelli di retribuzione inferiori al minimo esente, lo Stato integrerà la retribuzione del lavoratore in misura crescen- te con la retribuzione stessa. In questo modo, si inverte la distorsione causata dal Rdc e lo si trasforma in una logica per la quale più il percettore si impegna, più la retribuzione viene integrata;
•        detassazione straordinaria - per il solo 2022 – di una extra mensilità (fino a 2,200 euro), che le imprese potranno scegliere di erogare ai propri dipendenti ai fini alleviare gli effetti dell’inflazione.
",programma-elettorale-azione-italia-viva
68,Economic affairs,4,Flat tax,flat-tax,Programma elettorale Lega,Lega,2,green,"PROSEGUIRE IL PERCORSO VERSO LA FLAT TAX
La Legge di bilancio 2019 (L. 30 dicembre 2018, n. 145) ha introdotto la cosiddetta “mini flat tax”,
ovvero l’estensione fino a € 65mila di fatturato del regime dei minimi per le partite Iva (persone
fisiche esercenti attività d’impresa, arti o professioni). Questo regime ha incontrato e continua ad
incontrare il favore dei contribuenti, soprattutto per la semplicità della sua applicazione. Secondo
l’Osservatorio sulle partite Iva del Mef, nel 2021 hanno aderito a questo regime 239.203 contribuenti,
pari al 43,5% delle nuove aperture di partita Iva. La sua adozione ha dato un contributo
significativo all’emersione del sommerso, determinando un notevole recupero di gettito.
Estensione a € 100mila
Come primo passo sul percorso della Flat tax è indispensabile portare a termine la sua
fase 1 estendendola alle partite Iva con fatturato fino a € 100mila, come già previsto
dalla legge di bilancio approvata nel 2019 (e successivamente abrogata dal governo
Conte II)
Flat tax incrementale
Per favorire la ripresa, e in attesa di una ridefinizione complessiva del sistema di imposizione
sul reddito, proponiamo l’adozione del sistema di Flat tax cosiddetta incrementale,
che assoggetta a imposta sostitutiva gli incrementi di Irpef e Ires, incentivando
l’emersione dell’economia sommersa e non penalizzando la crescita delle aziende.
La proposta Lega, a prima firma Romeo, è depositata dal 2019 presso la Commissione
Finanze del Senato come AS 1071
Flat Tax fase 2
La seconda fase della realizzazione della Flat tax è normata dal disegno di legge AS
1831 a prima firma Siri, depositato nel 2020, e viene attuata attraverso l’introduzione
della Flat Tax per le famiglie fiscali, l’ulteriore accorpamento delle ultime tre aliquote
dell’imposta sul reddito delle persone fisiche (dopo quello disposto dalla legge di bilancio
2022), l’introduzione per due anni della Flat Tax sul reddito incrementale Irpef
e Ires e la riduzione dell’aliquota dell’Ires al 20%
Flat Tax fase 3
Estensione della Flat Tax a tutte le persone fisiche e giuridiche, senza limiti di reddito",programma-elettorale-lega
69,Economic affairs,4,Flat tax,flat-tax,Programma elettorale M5S,Movimento 5 Stelle,9,yellow,,programma-elettorale-m5s
70,Economic affairs,4,Flat tax,flat-tax,Programma elettorale PD,Partito Democratico,5,red,Un sistema fiscale equo e progressivo è alla base del nostro patto di cittadinanza. Le flat tax proposte dalle destre sono propaganda elettorale sulla pelle di chi ha meno: avvantaggiano solo i redditi più alti e sottraggono risorse per il welfare.,programma-elettorale-pd
71,Environmental protection,5,Inceneritori-Termovalorizzatori,inceneritoritermovalorizzatori,,,,,,
72,Economic affairs,4,Inceneritori-Termovalorizzatori,inceneritoritermovalorizzatori,,,,,,
73,Environmental protection,5,Inceneritori-Termovalorizzatori,inceneritoritermovalorizzatori,,,,,,
74,Economic affairs,4,Inceneritori-Termovalorizzatori,inceneritoritermovalorizzatori,,,,,,
75,Environmental protection,5,Inceneritori-Termovalorizzatori,inceneritoritermovalorizzatori,Programma elettorale AVS,Alleanza Verdi e Sinistra,6,red,"Un piano nazionale per la gestione dei rifiuti deve considerare la termovalorizzazione solo come unasoluzione di ultima istanza perché l’incenerimento dei rifiuti non permette il recupero delle materie prime e iprodotti che potrebbero produrre ulteriore valore se riutilizzate o riciclate e reimmesse nel ciclo economico.L’impronta di carbonio dei termovalorizzatori è di 650-800 grammi di CO2 per ogni kWh prodotto, il doppiodi una centrale a gas e quasi quanto una centrale a carbone. Sono necessari gli impianti di compostaggioper il trattamento dell’umido per chiudere il ciclo dei rifiuti.",programma-elettorale-avs
76,Economic affairs,4,Inceneritori-Termovalorizzatori,inceneritoritermovalorizzatori,Programma elettorale AVS,Alleanza Verdi e Sinistra,6,red,"Un piano nazionale per la gestione dei rifiuti deve considerare la termovalorizzazione solo come unasoluzione di ultima istanza perché l’incenerimento dei rifiuti non permette il recupero delle materie prime e iprodotti che potrebbero produrre ulteriore valore se riutilizzate o riciclate e reimmesse nel ciclo economico.L’impronta di carbonio dei termovalorizzatori è di 650-800 grammi di CO2 per ogni kWh prodotto, il doppiodi una centrale a gas e quasi quanto una centrale a carbone. Sono necessari gli impianti di compostaggioper il trattamento dell’umido per chiudere il ciclo dei rifiuti.",programma-elettorale-avs
77,Environmental protection,5,Inceneritori-Termovalorizzatori,inceneritoritermovalorizzatori,Programma elettorale Azione Italia Viva,Azione-Italia Viva-Calenda,10,green,"Il sistema impiantistico italiano per la gestione dei rifiuti è rimasto indietro e deve essere rafforzato. Se da una parte è importante dare priorità alla Strategia UE per l’economia circolare, che privilegia il recupero materico dei rifiuti, non si può pensare di volere un sistema a “rifiuti zero” senza avere un termovalorizzatore. Autorevoli istituti di ricerca hanno stimato un fabbisogno di circa 70 nuovi impianti (es: termovalorizzatori, impianti di trattamento bio-meccanico, impianti di smaltimento, ecc..) da realizzare entro il 2035, per un valore di 10 miliardi di euro circa. ",programma-elettorale-azione-italia-viva
78,Economic affairs,4,Inceneritori-Termovalorizzatori,inceneritoritermovalorizzatori,Programma elettorale Azione Italia Viva,Azione-Italia Viva-Calenda,10,green,"Il sistema impiantistico italiano per la gestione dei rifiuti è rimasto indietro e deve essere rafforzato. Se da una parte è importante dare priorità alla Strategia UE per l’economia circolare, che privilegia il recupero materico dei rifiuti, non si può pensare di volere un sistema a “rifiuti zero” senza avere un termovalorizzatore. Autorevoli istituti di ricerca hanno stimato un fabbisogno di circa 70 nuovi impianti (es: termovalorizzatori, impianti di trattamento bio-meccanico, impianti di smaltimento, ecc..) da realizzare entro il 2035, per un valore di 10 miliardi di euro circa. ",programma-elettorale-azione-italia-viva
79,Environmental protection,5,Inceneritori-Termovalorizzatori,inceneritoritermovalorizzatori,Programma elettorale Lega,Lega,2,,,
80,Economic affairs,4,Inceneritori-Termovalorizzatori,inceneritoritermovalorizzatori,Programma elettorale Lega,Lega,2,,,
81,Environmental protection,5,Inceneritori-Termovalorizzatori,inceneritoritermovalorizzatori,Programma elettorale M5S,Movimento 5 Stelle,9,red,STOP A NUOVE TRIVELLAZIONI E A NUOVI INCENERITORI,
82,Economic affairs,4,Inceneritori-Termovalorizzatori,inceneritoritermovalorizzatori,Programma elettorale M5S,Movimento 5 Stelle,9,red,STOP A NUOVE TRIVELLAZIONI E A NUOVI INCENERITORI,
83,Environmental protection,5,Inceneritori-Termovalorizzatori,inceneritoritermovalorizzatori,Programma elettorale PD,Partito Democratico,5,yellow,,
84,Economic affairs,4,Inceneritori-Termovalorizzatori,inceneritoritermovalorizzatori,Programma elettorale PD,Partito Democratico,5,yellow,,
85,Economic affairs,4,Investimenti infrastrutture,investimenti-infrastrutture,,,,,,
86,Economic affairs,4,Investimenti infrastrutture,investimenti-infrastrutture,,,,,,
87,Economic affairs,4,Investimenti infrastrutture,investimenti-infrastrutture,Programma elettorale AVS,Alleanza Verdi e Sinistra,6,yellow,,
88,Economic affairs,4,Investimenti infrastrutture,investimenti-infrastrutture,Programma elettorale Azione Italia Viva,Azione-Italia Viva-Calenda,10,,,
89,Economic affairs,4,Investimenti infrastrutture,investimenti-infrastrutture,Programma elettorale Lega,Lega,2,green,"Occorre prevedere una «scossa» da 150 miliardi di euro per le infrastrutture del Paese, di cui
metà dal PNRR e metà da opportune forme di ""partnership fra pubblico e privato"" (Ppp).
Dobbiamo investire prioritariamente per attrezzare adeguatamente i nostri Porti con aree retro
portuali capaci di garantire lo sdoganamento delle merci in loco per poi essere trasportate grazie
all’Alta Portabilità nelle destinazioni finali.",
90,Economic affairs,4,Investimenti infrastrutture,investimenti-infrastrutture,Programma elettorale M5S,Movimento 5 Stelle,9,yellow,,
91,Economic affairs,4,Investimenti infrastrutture,investimenti-infrastrutture,Programma elettorale PD,Partito Democratico,5,green,"Introdurremo il monitoraggio e la messa in sicurezza delle infrastrutture esistenti – in particolare ponti, viadotti e gallerie – attraverso azioni programmate di manutenzione e adattamento alle pressioni indotte dai cambiamenti climatici.",
92,Values and rights,11,Ius scholae,ius-scholae,,,,,,
93,Values and rights,11,Ius scholae,ius-scholae,,,,,,
94,Values and rights,11,Ius scholae,ius-scholae,Programma elettorale AVS,Alleanza Verdi e Sinistra,6,green,"Una nuova legge sulla cittadinanza, che parta dallo ius soli e dallo ius scholae, per restituire piena dignità ai tanti e alle tante cittadine che “da straniere/i” contribuiscono alla ricchezza del nostro Paese.",
95,Values and rights,11,Ius scholae,ius-scholae,Programma elettorale Azione Italia Viva,Azione-Italia Viva-Calenda,10,green,"Ius Scholae (acquisizione della cittadinanza) per chi abbia frequentato per almeno 5 anni un percorso di formazione in Italia. Inoltre, proponiamo di concedere la cittadinanza a tutti gli studenti stranieri che hanno svolto e completato gli studi universitari in Italia.",
96,Values and rights,11,Ius scholae,ius-scholae,Programma elettorale Lega,Lega,2,red,"NO ALLO IUS SOLI
Nessuna modifica alla normativa sulla cittadinanza
La legge 91/92 lega la concessione della cittadinanza al principio dello ius sanguinis.
L’Italia è il Paese in Europa che concede maggiori decreti di cittadinanza, il primo per concessione
di cittadinanza, circa 130 mila nel 2021. Ben oltre Francia e Germania.
Non verrà prevista nessuna modifica rispetto a questo principio.
Nessuna concessione verso il principio dello Ius Soli e declinazioni similari quali lo Ius Scholae,
Ius Culturae o Ius Temperato.",
97,Values and rights,11,Ius scholae,ius-scholae,Programma elettorale M5S,Movimento 5 Stelle,9,green,"IUS SCHOLAE per riconoscere la cittadinanza al minore straniero, che sia nato in Italia o vi abbia
fatto ingresso, qualora abbia completato regolarmente uno o più cicli di studi",
98,Values and rights,11,Ius scholae,ius-scholae,Programma elettorale PD,Partito Democratico,5,green,"Introdurremo lo Ius Scholae, per superare le ingiustificate discriminazioni che ancora oggi vediamo nelle classi italiane. A settembre, bambine e bambini torneranno nelle scuole. Studieranno insieme, mangeranno insieme, giocheranno insieme. Compagne e compagni di classe, che però per la legge non sono uguali. Neanche se parlano la stessa lingua, ascoltano la stessa musica e hanno gli stessi sogni. Perché ancora oggi i figli dei genitori stranieri incontrano barriere ingiustificate nell’accesso alla cittadinanza, anche quando sono nati in Italia, sono cresciuti in Italia e hanno studiato in Italia. È il momento di introdurre una norma che non è solo civiltà: è prima di tutto buonsenso. Chi è figlio di genitori stranieri e studia in Italia diventa cittadino italiano.",
99,Values and rights,11,Ius soli,ius-soli,,,,,,
100,Values and rights,11,Ius soli,ius-soli,,,,,,
101,Values and rights,11,Ius soli,ius-soli,Programma elettorale AVS,Alleanza Verdi e Sinistra,6,green,"Una nuova legge sulla cittadinanza, che parta dallo ius soli e dallo ius scholae, per restituire piena dignità ai tanti e alle tante cittadine che “da straniere/i” contribuiscono alla ricchezza del nostro Paese.",
102,Values and rights,11,Ius soli,ius-soli,Programma elettorale Azione Italia Viva,Azione-Italia Viva-Calenda,10,yellow,,
103,Values and rights,11,Ius soli,ius-soli,Programma elettorale Lega,Lega,2,red,"NO ALLO IUS SOLI
Nessuna modifica alla normativa sulla cittadinanza
La legge 91/92 lega la concessione della cittadinanza al principio dello ius sanguinis.
L’Italia è il Paese in Europa che concede maggiori decreti di cittadinanza, il primo per concessione
di cittadinanza, circa 130 mila nel 2021. Ben oltre Francia e Germania.
Non verrà prevista nessuna modifica rispetto a questo principio.
Nessuna concessione verso il principio dello Ius Soli e declinazioni similari quali lo Ius Scholae,
Ius Culturae o Ius Temperato.",
104,Values and rights,11,Ius soli,ius-soli,Programma elettorale M5S,Movimento 5 Stelle,9,yellow,,
105,Values and rights,11,Ius soli,ius-soli,Programma elettorale PD,Partito Democratico,5,yellow,Non se ne parla nel programma,
106,Values and rights,11,Matrimonio egualitario,matrimonio-egualitario,,,,,,
107,Values and rights,11,Matrimonio egualitario,matrimonio-egualitario,,,,,,
108,Values and rights,11,Matrimonio egualitario,matrimonio-egualitario,Programma elettorale AVS,Alleanza Verdi e Sinistra,6,green,"Una legge che preveda l’estensione dei diritti e dei doveri delle coppie eterosessuali anche alle coppie dello stesso sesso: matrimonio egualitario, accesso alle adozioni per persone single e per le coppie dello stesso sesso, accesso ai percorsi di procreazione medicalmente assistita per donne e coppie di donne, riconoscimento di pari diritti per i figli e le figlie con genitori dello stesso sesso.",
109,Values and rights,11,Matrimonio egualitario,matrimonio-egualitario,Programma elettorale Azione Italia Viva,Azione-Italia Viva-Calenda,10,yellow,,
110,Values and rights,11,Matrimonio egualitario,matrimonio-egualitario,Programma elettorale Lega,Lega,2,yellow,Non se ne parla nel programma,
111,Values and rights,11,Matrimonio egualitario,matrimonio-egualitario,Programma elettorale M5S,Movimento 5 Stelle,9,green,MATRIMONIO EGUALITARIO E LEGGE CONTRO L’OMOTRANSFOBIA,
112,Values and rights,11,Matrimonio egualitario,matrimonio-egualitario,Programma elettorale PD,Partito Democratico,5,green,Approveremo subito la legge contro l’omolesbobitransfobia (DDL Zan) e introdurremo il matrimonio egualitario.,
113,Environmental protection,5,Nucleare,nucleare,,,,,,
114,Economic affairs,4,Nucleare,nucleare,,,,,,
115,Environmental protection,5,Nucleare,nucleare,,,,,,
116,Economic affairs,4,Nucleare,nucleare,,,,,,
117,Economic affairs,4,Nucleare,nucleare,Programma elettorale AVS,Alleanza Verdi e Sinistra,6,red,"No al nucleare, come da mandato dei due referendum.

Fare chiarezza sulle false sicurezze di inesistente nucleare di quarta generazione e di prossima fusione nucleare, molto lontana nel tempo. Nulla in contrario a continuare attività di ricerca in tal senso, ma è vergognoso promettere ai cittadini la realizzazione in poche decine di anni di tecnologie sulle quali ancora si sono ottenuti solo risultati di laboratorio privi di prospettive concrete nel breve e medio periodo.",
118,Environmental protection,5,Nucleare,nucleare,Programma elettorale AVS,Alleanza Verdi e Sinistra,6,red,"No al nucleare, come da mandato dei due referendum.

Fare chiarezza sulle false sicurezze di inesistente nucleare di quarta generazione e di prossima fusione nucleare, molto lontana nel tempo. Nulla in contrario a continuare attività di ricerca in tal senso, ma è vergognoso promettere ai cittadini la realizzazione in poche decine di anni di tecnologie sulle quali ancora si sono ottenuti solo risultati di laboratorio privi di prospettive concrete nel breve e medio periodo.",
119,Environmental protection,5,Nucleare,nucleare,Programma elettorale Azione Italia Viva,Azione-Italia Viva-Calenda,10,green,"L’obiettivo “emissioni zero” al 2050 passa da una forte elettrificazione degli usi di energia, con un fabbisogno elettrico tra il doppio e il triplo dell’attuale. Per questo è necessario utilizzare il giusto mix di generazione, che includa rinnovabili e nucleare, impiegando le migliori tecnologie disponibili",
120,Economic affairs,4,Nucleare,nucleare,Programma elettorale Azione Italia Viva,Azione-Italia Viva-Calenda,10,green,"L’obiettivo “emissioni zero” al 2050 passa da una forte elettrificazione degli usi di energia, con un fabbisogno elettrico tra il doppio e il triplo dell’attuale. Per questo è necessario utilizzare il giusto mix di generazione, che includa rinnovabili e nucleare, impiegando le migliori tecnologie disponibili",
121,Economic affairs,4,Nucleare,nucleare,Programma elettorale Lega,Lega,2,green,"Nucleare Pulito e Sicuro
In abbinamento con le rinnovabili pianificare lo sviluppo, nel medio-lungo termine, del nucleare
di ultima generazione, pulito e sicuro, riconosciuto nella tassonomia europea, per perseguire
gli obiettivi di decarbonizzazione al 2050 e allo stesso tempo rispondere alla domanda sempre
crescente di energia elettrica, garantire un sistema energetico sicuro e stabile e ridurre la dipendenza
energetica dall’estero.",
122,Environmental protection,5,Nucleare,nucleare,Programma elettorale Lega,Lega,2,green,"Nucleare Pulito e Sicuro
In abbinamento con le rinnovabili pianificare lo sviluppo, nel medio-lungo termine, del nucleare
di ultima generazione, pulito e sicuro, riconosciuto nella tassonomia europea, per perseguire
gli obiettivi di decarbonizzazione al 2050 e allo stesso tempo rispondere alla domanda sempre
crescente di energia elettrica, garantire un sistema energetico sicuro e stabile e ridurre la dipendenza
energetica dall’estero.",
123,Environmental protection,5,Nucleare,nucleare,Programma elettorale M5S,Movimento 5 Stelle,9,yellow,,
124,Economic affairs,4,Nucleare,nucleare,Programma elettorale M5S,Movimento 5 Stelle,9,yellow,,
125,Economic affairs,4,Nucleare,nucleare,Programma elettorale PD,Partito Democratico,5,red,"Per un domani senza fonti fossili già oggi gli investimenti devono, il più possibile, concentrarsi sull’energia pulita e non inseguire la discussione sulla costruzione di centrali nucleari: perché i tempi di realizzazione e le tecnologie esistenti non sono compatibili con una riduzione significativa delle emissioni entro il 2030 e non risolvono i problemi ambientali ad esse associati.",
126,Environmental protection,5,Nucleare,nucleare,Programma elettorale PD,Partito Democratico,5,red,"Per un domani senza fonti fossili già oggi gli investimenti devono, il più possibile, concentrarsi sull’energia pulita e non inseguire la discussione sulla costruzione di centrali nucleari: perché i tempi di realizzazione e le tecnologie esistenti non sono compatibili con una riduzione significativa delle emissioni entro il 2030 e non risolvono i problemi ambientali ad esse associati.",
127,Values and rights,11,Parità salariale,parit-salariale,,,,,,
128,Values and rights,11,Parità salariale,parit-salariale,,,,,,
129,Values and rights,11,Parità salariale,parit-salariale,Programma elettorale AVS,Alleanza Verdi e Sinistra,6,green,Siamo qui a lottare per la parità salariale e per creare le condizioni affinché le donne possano trovare ilgiusto riconoscimento in posizioni apicali e “ruoli decisionali”.,
130,Values and rights,11,Parità salariale,parit-salariale,Programma elettorale Azione Italia Viva,Azione-Italia Viva-Calenda,10,green,"Con la legge n. 162/2021 e le risorse del PNRR, è stata introdotta la Certificazione della parità di genere, che mira ad accompagnare ed incentivare le imprese ad adottare policy adeguate a ridurre il divario di genere in tutte le aree maggiormente critiche, quali - ad esempio - opportunità di crescita in azienda, parità salariale a parità di man- sioni e tutela della maternità. Le aziende dotate della certificazione avranno accesso a un miglior punteggio nelle graduatorie degli appalti e a un esonero parziale del versamento dei contributi previdenziali dei lavoratori.",
131,Values and rights,11,Parità salariale,parit-salariale,Programma elettorale Lega,Lega,2,,,
132,Values and rights,11,Parità salariale,parit-salariale,Programma elettorale M5S,Movimento 5 Stelle,9,,,
133,Values and rights,11,Parità salariale,parit-salariale,Programma elettorale PD,Partito Democratico,5,green,"Grazie al nostro impegno, nella legislatura appena conclusa abbiamo approvato una legge sulla parità salariale (Legge Gribaudo 162/2021) che garantisce alle donne il diritto di avere giustizia rispetto alle discriminazioni retributive sui luoghi di lavoro. Ma aver fatto la legge non basta. Bisogna farla applicare e farlo bene, perché la parità salariale sia garantita a tutte.",
134,Economic affairs,4,Patrimoniale,patrimoniale,,,,,,
135,Economic affairs,4,Patrimoniale,patrimoniale,,,,,,
136,Economic affairs,4,Patrimoniale,patrimoniale,Programma elettorale AVS,Alleanza Verdi e Sinistra,6,green,"Riforma dell’imposta patrimoniale
Oggi in Italia le imposte sui patrimoni sono fatte per gravare molto su chi ha poco e poco su chi ha molto.

Questo è particolarmente intollerabile in un paese dove il 5% più abbiente della popolazione possiede la stessa ricchezza dell’80% più povero.

Per questo noi vogliamo abolire l’IMU e l’imposta di bollo sugli investimenti, per adottare un’imposta patrimoniale personale, unica e progressiva, che gravi sull’insieme di tutti i beni mobili e immobili, di qualsiasi natura.

Prevediamo in questo modo di aumentare la tassazione sui patrimoni o superiori a 5 milioni di euro, con un’imposta progressiva che cresca fino al 2% oltre i 50 milioni.",
137,Economic affairs,4,Patrimoniale,patrimoniale,Programma elettorale Azione Italia Viva,Azione-Italia Viva-Calenda,10,red,"Non serve inventare nuove tasse, sognare la patrimoniale o riempirsi la bocca di “redistribuzione della ricchezza”, serve il connubio inscindibile tra meritocrazia e pari opportunità.",
138,Economic affairs,4,Patrimoniale,patrimoniale,Programma elettorale Lega,Lega,2,red,"Rafforzamenti o estensioni delle imposte sul patrimonio sono
inique e inefficienti nella misura in cui scoraggiano il risparmio e quindi il livello di investimenti
e il potenziale di crescita economica del Paese. In termini concreti, proponiamo l’abolizione di
alcune imposte patrimoniali particolarmente penalizzanti per la piccola proprietà immobiliare e
dell’IRAP, che per il suo peculiare meccanismo obbliga le imprese a pagare imposte anche quando
sono in perdita.",
139,Economic affairs,4,Patrimoniale,patrimoniale,Programma elettorale M5S,Movimento 5 Stelle,9,yellow,,
140,Economic affairs,4,Patrimoniale,patrimoniale,Programma elettorale PD,Partito Democratico,5,yellow,,
141,Economic affairs,4,Ponte sullo Stretto,ponte-sullo-stretto,,,,,,
142,Economic affairs,4,Ponte sullo Stretto,ponte-sullo-stretto,,,,,,
143,Economic affairs,4,Ponte sullo Stretto,ponte-sullo-stretto,Programma elettorale AVS,Alleanza Verdi e Sinistra,6,red,"Ribadiamo il nostro no al ponte sullo stretto di Messina opera inutile, inserita in un contesto ad alto rischio sismico ed idrogeologico e che sottrarrebbe 10 miliardi di euro ad opere e infrastrutture socialmente utili.",
144,Economic affairs,4,Ponte sullo Stretto,ponte-sullo-stretto,Programma elettorale Azione Italia Viva,Azione-Italia Viva-Calenda,10,yellow,,
145,Economic affairs,4,Ponte sullo Stretto,ponte-sullo-stretto,Programma elettorale Lega,Lega,2,green,"completamento del corridoio trans-europeo tra Berlino e Palermo con la realizzazione dellacontinuità
territoriale tra Sicilia e Calabria (ponte sullo Stretto).",
146,Economic affairs,4,Ponte sullo Stretto,ponte-sullo-stretto,Programma elettorale M5S,Movimento 5 Stelle,9,yellow,,
147,Economic affairs,4,Ponte sullo Stretto,ponte-sullo-stretto,Programma elettorale PD,Partito Democratico,5,yellow,,
148,Economic affairs,4,Posti lavoro,posti-lavoro,,,,,,
149,Economic affairs,4,Posti lavoro,posti-lavoro,,,,,,
150,Economic affairs,4,Posti lavoro,posti-lavoro,Programma elettorale AVS,Alleanza Verdi e Sinistra,6,yellow,,
151,Economic affairs,4,Posti lavoro,posti-lavoro,Programma elettorale Azione Italia Viva,Azione-Italia Viva-Calenda,10,,,
152,Economic affairs,4,Posti lavoro,posti-lavoro,Programma elettorale Lega,Lega,2,,,
153,Economic affairs,4,Posti lavoro,posti-lavoro,Programma elettorale M5S,Movimento 5 Stelle,9,,,
154,Economic affairs,4,Posti lavoro,posti-lavoro,Programma elettorale PD,Partito Democratico,5,green,"Introdurremo un piano nazionale per il risparmio energetico e interventi finalizzati ad aumentare drasticamente la quota di rinnovabili prodotte in Italia, anche attraverso lo sviluppo delle Comunità energetiche, con l'obiettivo di installare 85 GW di rinnovabili in più entro il 2030. Un obiettivo ambizioso ma realistico che porterà, secondo alcune stime, alla creazione di circa 500.000 nuovi posti di lavoro.",
155,General public services,1,Presidenzialismo,presidenzialismo,,,,,,
156,General public services,1,Presidenzialismo,presidenzialismo,,,,,,
157,General public services,1,Presidenzialismo,presidenzialismo,Accordo elettorale tra PD e Alleanza Verdi e Sinistra (AVS),Alleanza Verdi e Sinistra,6,red,Ci impegniamo a contrastare ogni iniziativa mirata a modificare l’impianto della nostra Carta Fondamentale. In particolare ribadiamo la nostra opposizione al presidenzialismo,
158,General public services,1,Presidenzialismo,presidenzialismo,Programma elettorale Azione Italia Viva,Azione-Italia Viva-Calenda,10,green,Proponiamo l’elezione diretta da parte dei cittadini del Presidente del Consiglio sul modello dei sindaci delle città più grandi.,
159,General public services,1,Presidenzialismo,presidenzialismo,Programma elettorale Lega,Lega,2,green,"Il presidenzialismo, secondo il modello sperimentato in Francia con successo, è la risposta
Eleggere direttamente il Capo dello Stato, in un contesto di rafforzamento dei poteri
di controllo del Parlamento, consentirà ai cittadini di scegliere chi ha la responsabilità
e i poteri per far rispettare la volontà espressa in occasione delle elezioni. Il Presidente
della Repubblica direttamente eletto vigilerà sui comportamenti delle forze politiche,
guiderà la politica nazionale, rappresenterà l’Italia nei consessi internazionali per tutta
la durata del suo mandato",
160,General public services,1,Presidenzialismo,presidenzialismo,Programma elettorale M5S,Movimento 5 Stelle,9,yellow,,
161,General public services,1,Presidenzialismo,presidenzialismo,Accordo elettorale tra PD e Alleanza Verdi e Sinistra (PD),Partito Democratico,5,red,Ci impegniamo a contrastare ogni iniziativa mirata a modificare l’impianto della nostra Carta Fondamentale. In particolare ribadiamo la nostra opposizione al presidenzialismo,
162,Economic affairs,4,Realizzazione grandi opere,realizzazione-grandi-opere,,,,,,
163,Economic affairs,4,Realizzazione grandi opere,realizzazione-grandi-opere,,,,,,
164,Economic affairs,4,Realizzazione grandi opere,realizzazione-grandi-opere,Programma elettorale AVS,Alleanza Verdi e Sinistra,6,green,"Un “Piano straordinario per il trasporto pubblico locale”
Il 74% degli spostamenti riguarda distanze entro i 10 km e viene soddisfatto per oltre il 62% ricorrendo all’auto privata.

Vogliamo affrontare le carenze organizzative, di infrastrutture e dotazione di mezzi per una più elevata qualità del servizio erogato; ampliare e mettere in sicurezza percorsi ciclabili e pedonali; digitalizzare tutti i servizi di mobilità; offrire tariffe agevolate e incentivi all’utilizzo delle alternative all’auto. Per raggiungere questi obiettivi si rende necessario rimodulare il fondo complementare del Pnrr pari a 30 miliardi di euro per destinarlo in via prioritaria agli investimenti sul trasporto pubblico. È necessario favorire lo smart working per tutti i lavoratori e lavoratrici la cui presenza non è richiesta fisicamente.

Proponiamo inoltre che i trasporti pubblici locali e i treni regionali siano resi gratuiti per gli Under 30, così da promuovere nuovi modelli di mobilità fra le giovani generazioni.",
165,Economic affairs,4,Realizzazione grandi opere,realizzazione-grandi-opere,Programma elettorale Azione Italia Viva,Azione-Italia Viva-Calenda,10,green,"È necessario effettuare un’analisi dettagliata delle infrastrutture esistenti, per avviare una programmazione robusta e razionale di misure di manutenzione e upgrade basata su una prioritizzazione degli interventi. La strategia programmatica non deve comprendere “ponti verso il nulla”, ovvero quelle opere che non sono inserite in un ecosistema virtuoso di infrastrutture.
Occorre identificare le opere utili per il Paese e quelle non necessarie, che devono essere riconvertite o demolite, favorendo un ripristino dell’ecosistema terrestre. Al contempo, sarà necessario implementare un’azione di riqualificazione delle infrastrutture a servizio delle aree interne, le quali versano in condizioni spesso precarie. Per quanto riguarda la gestione, è necessario introdurre nuovi criteri per la manutenzione ordinaria e straordinaria. Occorre introdurre il “Documento Finanziario dell’Infrastruttura” e il “Documento unico delle manutenzioni nazionali delle grandi opere” per guidare le operazioni da compiere durante tutta la vita dell’infrastruttura, al fine di mantenere adeguati standard.
",
166,Economic affairs,4,Realizzazione grandi opere,realizzazione-grandi-opere,Programma elettorale Lega,Lega,2,green,"CORSIA PREFERENZIALE PER LE GRANDI OPERE
Superare le attuali barriere normative ancora vigenti nel Codice dei Contratti e nella
legislazione ambientale che determinano ritardi e tempi non accettabili per la progettazione
e approvazione delle grandi opere. Superare con urgenza l’attuale processo
di progettazione e attuazione delle opere pubbliche in Italia, attraverso l’adozione a
livello generale del “modello Genova”",
167,Economic affairs,4,Realizzazione grandi opere,realizzazione-grandi-opere,Programma elettorale M5S,Movimento 5 Stelle,9,yellow,,
168,Economic affairs,4,Realizzazione grandi opere,realizzazione-grandi-opere,Programma elettorale PD,Partito Democratico,5,yellow,,
169,Social protection,10,Reddito di cittadinanza,reddito-di-cittadinanza,,,,,,
170,Social protection,10,Reddito di cittadinanza,reddito-di-cittadinanza,,,,,,
171,Social protection,10,Reddito di cittadinanza,reddito-di-cittadinanza,Programma elettorale AVS,Alleanza Verdi e Sinistra,6,green,"Rompere il circolo della povertà:
La ripresa economica non potrà prescindere dalla lotta alla povertà, alle disuguaglianze e alla comune presa di coscienza che è insopportabile che queste condizioni creino disparità nelle opportunità di vita delle persone.

In questo contesto intendiamo difendere e rafforzare il reddito di cittadinanza, secondo le previsioni del rapporto elaborato dalla Commissione presieduta da Chiara Saraceno, con l’obiettivo strategico di arrivare ad un vero Reddito Universale di Base.",
172,Social protection,10,Reddito di cittadinanza,reddito-di-cittadinanza,Programma elettorale Azione Italia Viva,Azione-Italia Viva-Calenda,10,green,"Proponiamo che il sussidio venga tolto dopo il primo rifiuto di un’offerta di lavoro congrua e che ci sia un limite temporale di due anni per trovare un’occupazione, dopodiché l’importo dell’assegno deve essere ridotto di almeno un terzo e il beneficiario deve essere preso in carico dai servizi sociali del Comune",
173,Social protection,10,Reddito di cittadinanza,reddito-di-cittadinanza,Programma elettorale Lega,Lega,2,yellow,"Con la riforma del Reddito di Cittadinanza si intende:
• per i percettori inidonei al lavoro, mantenere il sostegno al reddito, rivedendo i criteri di
accesso e la scala di equivalenza, dando maggior peso al quoziente familiare, rimodulando
gli importi in funzione delle differenti soglie di povertà assoluta (e quindi del potere d'acquisto)
registrate sul territorio nazionale;
• per i percettori idonei all'attività lavorativa, la misura viene invece riformata trasformandola
in un vero e proprio ammortizzatore sociale finalizzato all'occupazione. Corso di formazione,
tirocinio e contrattualizzazione dei percettori a fine percorso, attraverso il coinvolgimento
delle agenzie private del lavoro, delle associazioni datoriali e attraverso l'utilizzo di
incentivi fiscali e contributivi per l'assunzione dei percettori.",
174,Social protection,10,Reddito di cittadinanza,reddito-di-cittadinanza,Programma elettorale M5S,Movimento 5 Stelle,9,green,"RAFFORZAMENTO DEL REDDITO DI CITTADINANZA
Misure per rendere più efficiente il sistema delle politiche attive. Monitoraggio delle
misure antifrode",
175,Social protection,10,Reddito di cittadinanza,reddito-di-cittadinanza,Programma elettorale PD,Partito Democratico,5,green,"Dopo l’introduzione del salario minimo e del Reddito di Cittadinanza (che andrà opportunamente ricalibrato secondo le indicazioni elaborate dalla Commissione Saraceno, a partire dall’ingiustificata penalizzazione delle famiglie numerose e/o con minori) è necessario completare il sistema con un altro meccanismo: l’integrazione pubblica alla retribuzione (in-work benefit) in favore dei lavoratori e delle lavoratrici a basso reddito, come proposto dalla Commissione sul lavoro povero. Questo tipo di integrazione introduce nel sistema opportuni incentivi di ricerca e permanenza di occupazione, permette l’emersione del lavoro nero e incentiva al lavoro. In questo quadro, appare utile favorire la cumulabilità tra sussidi e lavoro, senza disincentivare la partecipazione al mercato del lavoro, anche in questo caso secondo le indicazioni della Commissione Saraceno. Infine, proponiamo di ridurre il periodo minimo di residenza in Italia per accedere al Reddito di Cittadinanza, oggi fissato in 10 anni.",
176,Economic affairs,4,Revisione PNRR,revisione-pnrr,,,,,,
177,Economic affairs,4,Revisione PNRR,revisione-pnrr,,,,,,
178,Economic affairs,4,Revisione PNRR,revisione-pnrr,Programma elettorale AVS,Alleanza Verdi e Sinistra,6,green,"Serve partecipazione nel delineare il PNRR, nel definire i progetti, nell’esecuzione. Serve maggiore coerenza rispetto alle grandi sfide (transizione ecologica, economia circolare, lotta agli squilibri, salute pubblica) ponendo al centro la disponibilità, la diffusione e l’utilizzo dei saperi. Un intervento di queste dimensioni e questa complessità non può ridursi all’”acquisto” di tecnologia o alla realizzazione di infrastrutture: è urgente affermare un governo sociale dell’innovazione capace di coglierne ricadute, modelli alternativi, implicazioni sociali e ambientali. Se è vero, inoltre, che il PNRR è finalizzato a investimenti a termine, questa massa di risorse può, però, affiancarsi a una programmazione che tenga conto delle risorse che si liberano e possono essere investite. Le risorse che arriveranno e saranno usate spesso per adeguamenti infrastrutturali non possono riproporre le università come parte di operazioni urbanistiche che hanno cementificato le nostre città senza aumentarne la qualità sociale.",
179,Economic affairs,4,Revisione PNRR,revisione-pnrr,Programma elettorale Azione Italia Viva,Azione-Italia Viva-Calenda,10,,,
180,Economic affairs,4,Revisione PNRR,revisione-pnrr,Programma elettorale Lega,Lega,2,yellow,,
181,Economic affairs,4,Revisione PNRR,revisione-pnrr,Programma elettorale M5S,Movimento 5 Stelle,9,yellow,,
182,Economic affairs,4,Revisione PNRR,revisione-pnrr,Programma elettorale PD,Partito Democratico,5,red,"Gli strumenti li abbiamo e sono molteplici, ma tutti fondati su uno stesso prerequisito: la stabilità necessaria a pianificare investimenti e scelte strategiche che guardano al futuro. Questo a partire dal PNRR e dal suo percorso di riforme interrotto bruscamente per la caduta del governo Draghi. Ciò significa portare a termine nei tempi previsti le tante riforme che l'Italia aspetta da tempo - cominciando da Fisco, Giustizia, Pubblica Amministrazione e Concorrenza - e tutti gli investimenti previsti dal PNRR, per non perdere neanche una delle opportunità offerte dai finanziamenti europei.",
183,Social protection,10,Riduzione bolletta energetica,riduzione-bolletta-energetica,,,,,,
184,Social protection,10,Riduzione bolletta energetica,riduzione-bolletta-energetica,,,,,,
185,Social protection,10,Riduzione bolletta energetica,riduzione-bolletta-energetica,Programma elettorale AVS,Alleanza Verdi e Sinistra,6,,,
186,Social protection,10,Riduzione bolletta energetica,riduzione-bolletta-energetica,Programma elettorale Azione Italia Viva,Azione-Italia Viva-Calenda,10,green,"Aiutare le imprese a ridurre i costi della bolletta elettrica incentivando con garanzia statale la produzione di energia rinnovabile per autoconsumo (inclusi i sistemi di accumulo);

Promuovere in EU un price cap a tutto il gas importato per ridurre anche il costo dell’energia elettrica. In subordine, introdurre modalità più efficienti e più efficaci di quelle recentemen- te individuate per trasferire la extra-rendita reale (non presunta) delle imprese energetiche –        inclusi i trader – a famiglie meno abbienti e imprese energivore
",
187,Social protection,10,Riduzione bolletta energetica,riduzione-bolletta-energetica,Programma elettorale Lega,Lega,2,,,
188,Social protection,10,Riduzione bolletta energetica,riduzione-bolletta-energetica,Programma elettorale M5S,Movimento 5 Stelle,9,,,
189,Social protection,10,Riduzione bolletta energetica,riduzione-bolletta-energetica,Programma elettorale PD,Partito Democratico,5,green,"Partendo da qui, a dimostrazione di come sostenibilità ambientale e sociale si rafforzino a vicenda, introdurremo un nuovo contratto “luce sociale” per le famiglie con redditi medi e bassi. Si tratta di un contratto di fornitura energetica prodotta totalmente da fonti rinnovabili e acquistata direttamente dalla società pubblica Acquirente Unico. Il contratto di acquisto avrà durata decennale e ciò permetterà di ottenere prezzi dell’energia elettrica molto bassi a vantaggio delle famiglie: fino ad un massimo di 1.350 KWh/anno per famiglia (pari al 50% del consumo medio), l’energia elettrica verrà fornita a costo zero, mentre sulla parte di consumo eccedente i prezzi saranno comunque calmierati.",
190,Economic affairs,4,Riduzione IVA,riduzione-iva,,,,,,
191,Economic affairs,4,Riduzione IVA,riduzione-iva,,,,,,
192,Economic affairs,4,Riduzione IVA,riduzione-iva,Programma elettorale AVS,Alleanza Verdi e Sinistra,6,green,"riduzione dell’aliquota IVA su cibo per animali e prestazioni veterinarie, oggi soggetti a tassazione come “beni di lusso”, che aggrava le condizioni di difficoltà economica di chi ha accolto in casa degli animali come parte della famiglia",
193,Economic affairs,4,Riduzione IVA,riduzione-iva,Programma elettorale Azione Italia Viva,Azione-Italia Viva-Calenda,10,green,Passaggio ad un sistema a due aliquote (una ridotta e una ordinaria) e contestuale riordino dei beni e servizi assoggettati a ciascuna aliquota e ad aliquota zero.,
194,Economic affairs,4,Riduzione IVA,riduzione-iva,Programma elettorale Lega,Lega,2,green,"ABBATTIMENTO DELL’IVA SUI BENI DI PRIMA NECESSITÀ
Per incidere sull’incremento dei prezzi dei beni di prima necessità, la Lega propone di abbattere
le relative aliquote Iva. La proposta Lega, a prima firma Salvini, è depositata dal 2020 presso la Commissione Finanze del Senato come AS 2036.",
195,Economic affairs,4,Riduzione IVA,riduzione-iva,Programma elettorale M5S,Movimento 5 Stelle,9,yellow,,
196,Economic affairs,4,Riduzione IVA,riduzione-iva,Programma elettorale PD,Partito Democratico,5,green,"Proponiamo forme di detraibilità delle spese sostenute per la partecipazione alle attività culturali, l’abbattimento dell’IVA per i prodotti culturali

Sempre nel mondo non profit, sotto il profilo poi degli oneri fiscali, proporremo l’eliminazione dei nuovi obblighi IVA previsti dal 2024 e il graduale superamento dell'IRAP.",
197,Environmental protection,5,Rigassificatori,rigassificatori,,,,,,
198,Economic affairs,4,Rigassificatori,rigassificatori,,,,,,
199,Environmental protection,5,Rigassificatori,rigassificatori,,,,,,
200,Economic affairs,4,Rigassificatori,rigassificatori,,,,,,
201,Economic affairs,4,Rigassificatori,rigassificatori,Programma elettorale AVS,Alleanza Verdi e Sinistra,6,yellow,"Sfruttare tutte le infrastrutture gas esistenti – stoccaggi, gasdotti e rigassificatori – per compensare possibili contrazioni o stop del gas russo prima di considerare nuove infrastrutture gas.",
202,Environmental protection,5,Rigassificatori,rigassificatori,Programma elettorale AVS,Alleanza Verdi e Sinistra,6,yellow,"Sfruttare tutte le infrastrutture gas esistenti – stoccaggi, gasdotti e rigassificatori – per compensare possibili contrazioni o stop del gas russo prima di considerare nuove infrastrutture gas.",
203,Environmental protection,5,Rigassificatori,rigassificatori,Programma elettorale Azione Italia Viva,Azione-Italia Viva-Calenda,10,green,"Completare con procedure straordinarie la costruzione di due rigassificatori galleggianti che consentano l’importazione di gas naturale liquefatto in sostituzione di quello russo
",
204,Economic affairs,4,Rigassificatori,rigassificatori,Programma elettorale Azione Italia Viva,Azione-Italia Viva-Calenda,10,green,"Completare con procedure straordinarie la costruzione di due rigassificatori galleggianti che consentano l’importazione di gas naturale liquefatto in sostituzione di quello russo
",
205,Economic affairs,4,Rigassificatori,rigassificatori,Programma elettorale Lega,Lega,2,green,"Proseguire con la diversificazione degli
approvvigionamenti e con la realizzazione di infrastrutture strategiche, tra cui i rigassificatori, per
l’affrancamento dal gas russo e per garantire la sicurezza del sistema energetico e la competitività
del Paese.",
206,Environmental protection,5,Rigassificatori,rigassificatori,Programma elettorale Lega,Lega,2,green,"Proseguire con la diversificazione degli
approvvigionamenti e con la realizzazione di infrastrutture strategiche, tra cui i rigassificatori, per
l’affrancamento dal gas russo e per garantire la sicurezza del sistema energetico e la competitività
del Paese.",
207,Environmental protection,5,Rigassificatori,rigassificatori,Programma elettorale M5S,Movimento 5 Stelle,9,yellow,,
208,Economic affairs,4,Rigassificatori,rigassificatori,Programma elettorale M5S,Movimento 5 Stelle,9,yellow,,
209,Economic affairs,4,Rigassificatori,rigassificatori,Programma elettorale PD,Partito Democratico,5,green,"Altra cosa è il tema dei rigassificatori, il ricorso ai quali appare necessario, ma a condizione che costituiscano soluzioni-ponte, rimanendo attivi pochi anni, e che possano essere smobilitati ben prima del 2050, per non interrompere la prospettiva della transizione ecologica. I territori dove verranno installati dovranno inoltre essere coinvolti nelle decisioni e adeguatamente compensati per l’impatto economico e sociale attraverso l'istituzione di un fondo ad hoc.
In particolare, proponiamo che venga istituito per tutte le infrastrutture legate a servizi di cui benefici l’intero Paese, ma che possono generare significativi impatti locali di tipo socio-economico o ambientale, l’istituzione di un “Fondo Nazionale Compensativo Anti-Nimby”, finalizzato proprio alle politiche di compensazione nel dialogo costruttivo con i territori e alimentato, per una quota, da un versamento di tutte le imprese che operano nella costruzione di infrastrutture sul territorio nazionale e che sono assegnatarie di appalti pubblici.",
210,Environmental protection,5,Rigassificatori,rigassificatori,Programma elettorale PD,Partito Democratico,5,green,"Altra cosa è il tema dei rigassificatori, il ricorso ai quali appare necessario, ma a condizione che costituiscano soluzioni-ponte, rimanendo attivi pochi anni, e che possano essere smobilitati ben prima del 2050, per non interrompere la prospettiva della transizione ecologica. I territori dove verranno installati dovranno inoltre essere coinvolti nelle decisioni e adeguatamente compensati per l’impatto economico e sociale attraverso l'istituzione di un fondo ad hoc.
In particolare, proponiamo che venga istituito per tutte le infrastrutture legate a servizi di cui benefici l’intero Paese, ma che possono generare significativi impatti locali di tipo socio-economico o ambientale, l’istituzione di un “Fondo Nazionale Compensativo Anti-Nimby”, finalizzato proprio alle politiche di compensazione nel dialogo costruttivo con i territori e alimentato, per una quota, da un versamento di tutte le imprese che operano nella costruzione di infrastrutture sul territorio nazionale e che sono assegnatarie di appalti pubblici.",
211,Economic affairs,4,Salario minimo,salario-minimo,,,,,,
212,Economic affairs,4,Salario minimo,salario-minimo,,,,,,
213,Economic affairs,4,Salario minimo,salario-minimo,Programma elettorale AVS,Alleanza Verdi e Sinistra,6,green,"Salario minimo
Non dovrebbe essere possibile in una Repubblica fondata sul Lavoro, ma oggi in Italia succede di firmare un contratto che preveda 4,4 euro l’ora di paga.

È il risultato di anni di leggi penalizzanti per le lavoratrici e i lavoratori, soprattutto giovani, donne e migranti, divisi fra loro, precari, ricattati e costretti ad accettare salari da fame.

Noi crediamo si debba rivoluzionare il sistema: serve una legge sulla rappresentanza nei luoghi di lavoro e l’estensione a tutte e tutti delle tabelle retributive previste per il settore dai sindacati maggiormente rappresentativi.

Se questo non basta, tanto è lo sfruttamento in alcuni settori come la logistica, prevediamo che esista comunque un salario minimo di 10 euro all’ora, sotto cui nessuno possa andare.

Sono 1.200 euro al mese ed è il prezzo della dignità.",
214,Economic affairs,4,Salario minimo,salario-minimo,Programma elettorale Azione Italia Viva,Azione-Italia Viva-Calenda,10,green,"L’esigenza di garantire a tutti i lavoratori una retribuzione dignitosa deve passare attraverso una serie di azioni condivise con le parti sociali: una legge sulla rappresentanza che combatta il fenomeno dei contratti pirata e assicuri che siano validi solo i contratti collettivi firmati da organizzazioni realmente rappresentative; la validità erga omnes dei contratti, assicurando la massi ma copertura di ogni tipologia di lavoro residuale, e la fissazione di un minimo di ultima istanza.",
215,Economic affairs,4,Salario minimo,salario-minimo,Programma elettorale Lega,Lega,2,green,"È riconosciuto ai lavoratori un salario minimo pari a quello stabilito dai CCNL più diffusi
nel settore",
216,Economic affairs,4,Salario minimo,salario-minimo,Programma elettorale M5S,Movimento 5 Stelle,9,green,"SALARIO MINIMO
Nove euro lordi l’ora di salario minimo legale per dire stop alle paghe da fame e dare dignità
ai lavoratori che oggi percepiscono di meno",
217,Economic affairs,4,Salario minimo,salario-minimo,Programma elettorale PD,Partito Democratico,5,green,"una legge che riconosca il valore legale erga omnes del trattamento economico complessivo dei contratti collettivi firmati dalle organizzazioni maggiormente rappresentative per debellare i “contratti pirata” e che introduca un salario minimo contrattuale, seguendo il modello tedesco, nei settori a più alta incidenza di povertà lavorativa, con una soglia minima affidata alla proposta delle parti sociali e che comunque rispetti i parametri della direttiva europea (attualmente per l’Italia, secondo alcune stime pari a circa 9 euro lordi orari);",
218,Social protection,10,Scuola infanzia gratuita,scuola-infanzia-gratuita,,,,,,
219,Social protection,10,Scuola infanzia gratuita,scuola-infanzia-gratuita,,,,,,
220,Social protection,10,Scuola infanzia gratuita,scuola-infanzia-gratuita,Programma elettorale AVS,Alleanza Verdi e Sinistra,6,green,"la gratuità dell’istruzione, dal nido all’università, per tutte e tutti; assumendo, cioè, il diritto universale alsapere come carico di una fiscalità generale realmente progressiva e come parte di un patto tra legenerazioni;",
221,Social protection,10,Scuola infanzia gratuita,scuola-infanzia-gratuita,Programma elettorale Azione Italia Viva,Azione-Italia Viva-Calenda,10,yellow,,
222,Social protection,10,Scuola infanzia gratuita,scuola-infanzia-gratuita,Programma elettorale Lega,Lega,2,,,
223,Social protection,10,Scuola infanzia gratuita,scuola-infanzia-gratuita,Programma elettorale M5S,Movimento 5 Stelle,9,,,
224,Social protection,10,Scuola infanzia gratuita,scuola-infanzia-gratuita,Programma elettorale PD,Partito Democratico,5,green,"Intendiamo quindi superare queste discriminazioni, rendendo gratuita e obbligatoria la scuola dell’infanzia nell’ambito del sistema integrato esistente e incrementarne il fondo nazionale, per garantire la progressiva gratuità dei servizi educativi 0-3 anni per i nuclei familiari a basso ISEE, con particolare attenzione all’offerta formativa nel Sud del Paese.",
225,Education,9,Scuola infanzia obbligatoria,scuola-infanzia-obbligatoria,,,,,,
226,Education,9,Scuola infanzia obbligatoria,scuola-infanzia-obbligatoria,,,,,,
227,Education,9,Scuola infanzia obbligatoria,scuola-infanzia-obbligatoria,Programma elettorale AVS,Alleanza Verdi e Sinistra,6,green,"l’estensione del tempo scuola (tempo pieno e tempo prolungato, a seconda dei diversi ordini di scuola) intutte le scuole del territorio nazionale; affinché sempre meno giovani e adolescenti siano lasciati soli con leproprie difficoltà; proponiamo, tra l’altro, di estendere, tra l’altro, l’obbligo scolastico a 18 anni.",
228,Education,9,Scuola infanzia obbligatoria,scuola-infanzia-obbligatoria,Programma elettorale Azione Italia Viva,Azione-Italia Viva-Calenda,10,yellow,,
229,Education,9,Scuola infanzia obbligatoria,scuola-infanzia-obbligatoria,Programma elettorale Lega,Lega,2,,,
230,Education,9,Scuola infanzia obbligatoria,scuola-infanzia-obbligatoria,Programma elettorale M5S,Movimento 5 Stelle,9,,,
231,Education,9,Scuola infanzia obbligatoria,scuola-infanzia-obbligatoria,Programma elettorale PD,Partito Democratico,5,green,"Intendiamo quindi superare queste discriminazioni, rendendo gratuita e obbligatoria la scuola dell’infanzia nell’ambito del sistema integrato esistente e incrementarne il fondo nazionale, per garantire la progressiva gratuità dei servizi educativi 0-3 anni per i nuclei familiari a basso ISEE, con particolare attenzione all’offerta formativa nel Sud del Paese.",
232,Economic affairs,4,Stipendio docenti,stipendio-docenti,,,,,,
233,Education,9,Stipendio docenti,stipendio-docenti,,,,,,
234,Economic affairs,4,Stipendio docenti,stipendio-docenti,,,,,,
235,Education,9,Stipendio docenti,stipendio-docenti,,,,,,
236,Economic affairs,4,Stipendio docenti,stipendio-docenti,Programma elettorale AVS,Alleanza Verdi e Sinistra,6,yellow,,
237,Education,9,Stipendio docenti,stipendio-docenti,Programma elettorale AVS,Alleanza Verdi e Sinistra,6,yellow,,
238,Economic affairs,4,Stipendio docenti,stipendio-docenti,Programma elettorale Azione Italia Viva,Azione-Italia Viva-Calenda,10,green,"Si deve procedere a firmare il contratto scaduto da troppi anni in modo da garantire un aumento significativo dei salari di tutto il corpo docente. E in parallelo bisogna introdurre forme di carriera per il personale della scuola in modo da riconoscere anche formalmente le diverse professionalità che affiancano il Dirigente Scolastico nel funzionamento organizzativo e didattico, nonché le figure che costituiscono un vero e proprio middle management. ",
239,Education,9,Stipendio docenti,stipendio-docenti,Programma elettorale Azione Italia Viva,Azione-Italia Viva-Calenda,10,green,"Si deve procedere a firmare il contratto scaduto da troppi anni in modo da garantire un aumento significativo dei salari di tutto il corpo docente. E in parallelo bisogna introdurre forme di carriera per il personale della scuola in modo da riconoscere anche formalmente le diverse professionalità che affiancano il Dirigente Scolastico nel funzionamento organizzativo e didattico, nonché le figure che costituiscono un vero e proprio middle management. ",
240,Economic affairs,4,Stipendio docenti,stipendio-docenti,Programma elettorale Lega,Lega,2,,,
241,Education,9,Stipendio docenti,stipendio-docenti,Programma elettorale Lega,Lega,2,,,
242,Economic affairs,4,Stipendio docenti,stipendio-docenti,Programma elettorale M5S,Movimento 5 Stelle,9,,,
243,Education,9,Stipendio docenti,stipendio-docenti,Programma elettorale M5S,Movimento 5 Stelle,9,,,
244,Economic affairs,4,Stipendio docenti,stipendio-docenti,Programma elettorale PD,Partito Democratico,5,green,"Vogliamo rimettere al centro la scuola e restituire al mestiere dell’insegnante la dignità e centralità che merita, garantendo una formazione adeguata e continua e allineando, entro i prossimi cinque anni, gli stipendi alla media europea.",
245,Education,9,Stipendio docenti,stipendio-docenti,Programma elettorale PD,Partito Democratico,5,green,"Vogliamo rimettere al centro la scuola e restituire al mestiere dell’insegnante la dignità e centralità che merita, garantendo una formazione adeguata e continua e allineando, entro i prossimi cinque anni, gli stipendi alla media europea.",
246,Economic affairs,4,Super bonus,super-bonus,,,,,,
247,Economic affairs,4,Super bonus,super-bonus,,,,,,
248,Economic affairs,4,Super bonus,super-bonus,Programma elettorale AVS,Alleanza Verdi e Sinistra,6,yellow,,
249,Economic affairs,4,Super bonus,super-bonus,Programma elettorale Azione Italia Viva,Azione-Italia Viva-Calenda,10,yellow,,
250,Economic affairs,4,Super bonus,super-bonus,Programma elettorale Lega,Lega,2,green,"SUPERBONUS
Si prevede un intervento sulla misura del Superbonus che garantisca garanzie per l’accesso all’agevolazione
fiscale per tutti i soggetti che hanno già maturato il diritto.
Rendere il Superbonus più coerente e applicabile, contemperando le esigenze di contenimento
degli oneri a carico dello Stato con quelle di riqualificazione energetica e adeguamento antisismico
degli edifici, rispondendo agli interessi e alle preoccupazioni di proprietari di casa, imprese
e tecnici.",
251,Economic affairs,4,Super bonus,super-bonus,Programma elettorale M5S,Movimento 5 Stelle,9,green,"SUPERBONUS E ALTRI BONUS EDILIZI STRUTTURALI
Stabilizzazione delle agevolazioni edilizie per permettere la pianificazione degli investimenti sugli
immobili e continuare a migliorare i livelli di risparmio energetico e di conseguenza risparmiare
sulle bollette. Sbloccare e far circolare i crediti d’imposta per evitare il fallimento delle imprese
che ancora oggi non riescono a trasformarli in liquidità per pagare fornitori e dipendenti",
252,Economic affairs,4,Super bonus,super-bonus,Programma elettorale PD,Partito Democratico,5,yellow,Non se ne parla nel programma,
253,Economic affairs,4,Taglio cuneo fiscale,taglio-cuneo-fiscale,,,,,,
254,Economic affairs,4,Taglio cuneo fiscale,taglio-cuneo-fiscale,,,,,,
255,Economic affairs,4,Taglio cuneo fiscale,taglio-cuneo-fiscale,Programma elettorale AVS,Alleanza Verdi e Sinistra,6,yellow,,
256,Economic affairs,4,Taglio cuneo fiscale,taglio-cuneo-fiscale,Programma elettorale Azione Italia Viva,Azione-Italia Viva-Calenda,10,green,"Proponiamo di riformare l’Irpef attraverso questi interventi:
•        introduzione di un minimo esente, inteso come maxi-deduzione corrispondente all’ammon- tare che viene giudicato essenziale per sopravvivere. Esso, in una società liberale e attenta agli ultimi, non può essere oggetto di tassazione da parte dello Stato;
•        unificazione tra la detrazione per lavoro autonomo e quella per lavoro dipendente;
•        semplificazione dell’imposta, spostando tutte le spese fiscali in un sistema a rimborso diretto: pagamenti con strumenti tracciabili, e periodicamente lo Stato rimborserà la percen- tuale oggetto della vecchia detrazione;
•        semplificazione della struttura delle aliquote;
•        detassazione specifica per i giovani: totale fino a 25 anni, ridotta del 50% fino a 29 anni;
•        creazione della tassazione negativa, sul modello anglosassone: per i livelli di retribuzione inferiori al minimo esente, lo Stato integrerà la retribuzione del lavoratore in misura crescen- te con la retribuzione stessa. In questo modo, si inverte la distorsione causata dal Rdc e lo si trasforma in una logica per la quale più il percettore si impegna, più la retribuzione viene integrata;
•        detassazione straordinaria - per il solo 2022 – di una extra mensilità (fino a 2,200 euro), che le imprese potranno scegliere di erogare ai propri dipendenti ai fini alleviare gli effetti dell’inflazione.
",
257,Economic affairs,4,Taglio cuneo fiscale,taglio-cuneo-fiscale,Programma elettorale Lega,Lega,2,green,"riducendo il cuneo fiscale del 50% per start up e Pmi innovative che assumono laureati o con
titolo superiore per 5 anni a patto che siano contratti a tempo indeterminato;",
258,Economic affairs,4,Taglio cuneo fiscale,taglio-cuneo-fiscale,Programma elettorale M5S,Movimento 5 Stelle,9,green,"TAGLIO DEL CUNEO FISCALE PER IMPRESE E LAVORATORI, per ridurre più incisivamente
la differenza fra il costo del lavoratore per l’impresa e il netto percepito in busta paga
dallo stesso lavoratore",
259,Economic affairs,4,Taglio cuneo fiscale,taglio-cuneo-fiscale,Programma elettorale PD,Partito Democratico,5,yellow,,
260,Economic affairs,4,Taglio tasse partite IVA,taglio-tasse-partite-iva,,,,,,
261,Economic affairs,4,Taglio tasse partite IVA,taglio-tasse-partite-iva,,,,,,
262,Economic affairs,4,Taglio tasse partite IVA,taglio-tasse-partite-iva,Programma elettorale AVS,Alleanza Verdi e Sinistra,6,yellow,,
263,Economic affairs,4,Taglio tasse partite IVA,taglio-tasse-partite-iva,Programma elettorale Azione Italia Viva,Azione-Italia Viva-Calenda,10,green,"Il regime forfettario ha favorito tanti lavoratori ma, nella sua attuale versione, costituisce una formidabile barriera contro la crescita. Oltre la soglia di 65.000 euro di ricavi annui, infatti, vi è un “burrone” fiscale che scoraggia la crescita o incentiva al sommerso. Proponiamo di realizzare, per chi supera questa soglia, uno scivolo biennale di tassazione agevolata che accompagni gradual- mente l’ingresso alla tassazione ordinaria Irpef.",
264,Economic affairs,4,Taglio tasse partite IVA,taglio-tasse-partite-iva,Programma elettorale Lega,Lega,2,yellow,,
265,Economic affairs,4,Taglio tasse partite IVA,taglio-tasse-partite-iva,Programma elettorale M5S,Movimento 5 Stelle,9,yellow,,
266,Economic affairs,4,Taglio tasse partite IVA,taglio-tasse-partite-iva,Programma elettorale PD,Partito Democratico,5,green,"Dal lato fiscale, sosteniamo le attività di artigiani, piccole e medie imprese e professionisti, e proponiamo un pacchetto di ulteriori misure che mettiamo in campo per contrastare i maggiori costi derivanti dalla spinta inflattiva. Per esempio: un’opzione di autoliquidazione mensile delle imposte per partite IVA, autonomi e liberi professionisti e professioniste in alternativa al sistema saldo-acconto e l’estensione della detrazione IRPEF del 50% a tutte le tipologie di start-up per le persone fisiche under 35.",
267,Social protection,10,Taglio tasse sul lavoro,taglio-tasse-sul-lavoro,,,,,,
268,Social protection,10,Taglio tasse sul lavoro,taglio-tasse-sul-lavoro,,,,,,
269,Social protection,10,Taglio tasse sul lavoro,taglio-tasse-sul-lavoro,Programma elettorale AVS,Alleanza Verdi e Sinistra,6,,,
270,Social protection,10,Taglio tasse sul lavoro,taglio-tasse-sul-lavoro,Programma elettorale Azione Italia Viva,Azione-Italia Viva-Calenda,10,,,
271,Social protection,10,Taglio tasse sul lavoro,taglio-tasse-sul-lavoro,Programma elettorale Lega,Lega,2,,,
272,Social protection,10,Taglio tasse sul lavoro,taglio-tasse-sul-lavoro,Programma elettorale M5S,Movimento 5 Stelle,9,,,
273,Social protection,10,Taglio tasse sul lavoro,taglio-tasse-sul-lavoro,Campagna elettorale 2022 PD,Partito Democratico,5,green,"taglio sulle tasse sul lavoro, agendo sui contributi previdenziali. Per alzare immediatamente gli stipendi e affrontare con strumenti straordinari una situazione straordinaria. Per far sì che ne beneficino anche i contribuenti con redditi molto bassi che già hanno IRPEF azzerata.",
274,Economic affairs,4,Tirocini gratuiti,tirocini-gratuiti,,,,,,
275,Economic affairs,4,Tirocini gratuiti,tirocini-gratuiti,,,,,,
276,Economic affairs,4,Tirocini gratuiti,tirocini-gratuiti,,,,,,
277,Economic affairs,4,Tirocini gratuiti,tirocini-gratuiti,Programma elettorale AVS,Alleanza Verdi e Sinistra,6,red,"Tirocini, contratti a chiamata, staff leasing, tempo determinato, collaborazioni occasionali, partita iva a mono committenza: sono mille le forme della precarietà.

Noi crediamo che tutto questo debba essere cancellato, per tornare alla normalità del contratto a tempo indeterminato, con un tempo di prova iniziale.",
278,Economic affairs,4,Tirocini gratuiti,tirocini-gratuiti,Programma elettorale Azione Italia Viva,Azione-Italia Viva-Calenda,10,green,Valuteremo l’opportunità di introdurre agevolazioni per le imprese che attribuiscono un rimborso spese o un’indennità ai tirocinanti o che trasformano il tirocinio in contratto di lavoro.,
279,Economic affairs,4,Tirocini gratuiti,tirocini-gratuiti,Programma elettorale M5S,Movimento 5 Stelle,9,red,"Stage e tirocini non possono essere strumento di sfruttamento della manodopera.
Prevedere pertanto un compenso minimo per i tirocinanti e il riconoscimento del periodo di
tirocinio ai fini pensionistici",
280,Economic affairs,4,Tirocini gratuiti,tirocini-gratuiti,Programma elettorale PD,Partito Democratico,5,red,"Obbligo di retribuzione per stage curriculari e l’abolizione degli stage extra-curriculari, salvo quelli attivati nei 12 mesi successivi alla conclusione di un percorso di studi",
281,Environmental protection,5,Trivelle,trivelle,,,,,,
282,Economic affairs,4,Trivelle,trivelle,,,,,,
283,Environmental protection,5,Trivelle,trivelle,,,,,,
284,Economic affairs,4,Trivelle,trivelle,,,,,,
285,Environmental protection,5,Trivelle,trivelle,Programma elettorale AVS,Alleanza Verdi e Sinistra,6,red,"Stop a nuove trivelle permanente e piano graduale di uscita dalla produzione fossile nazionale entroil 2045, unendosi in occasione della COP27 ai paesi dell’Alleanza oltre il Petrolio e il Gas (BOGA) guidata dalla Danimarca.",
286,Economic affairs,4,Trivelle,trivelle,Programma elettorale AVS,Alleanza Verdi e Sinistra,6,red,"Stop a nuove trivelle permanente e piano graduale di uscita dalla produzione fossile nazionale entroil 2045, unendosi in occasione della COP27 ai paesi dell’Alleanza oltre il Petrolio e il Gas (BOGA) guidata dalla Danimarca.",
287,Environmental protection,5,Trivelle,trivelle,Programma elettorale Azione Italia Viva,Azione-Italia Viva-Calenda,10,green,"Aumentare la produzione di gas nazionale riattivando e potenziando gli impianti già esistenti, anche valutando possibili partnership con le imprese di produzione del gas per la condivisione dei costi in cambio di forniture a prezzi concordati",
288,Economic affairs,4,Trivelle,trivelle,Programma elettorale Azione Italia Viva,Azione-Italia Viva-Calenda,10,green,"Aumentare la produzione di gas nazionale riattivando e potenziando gli impianti già esistenti, anche valutando possibili partnership con le imprese di produzione del gas per la condivisione dei costi in cambio di forniture a prezzi concordati",
289,Environmental protection,5,Trivelle,trivelle,Programma elettorale Lega,Lega,2,,,
290,Economic affairs,4,Trivelle,trivelle,Programma elettorale Lega,Lega,2,,,
291,Environmental protection,5,Trivelle,trivelle,Programma elettorale M5S,Movimento 5 Stelle,9,red,STOP A NUOVE TRIVELLAZIONI E A NUOVI INCENERITORI,
292,Economic affairs,4,Trivelle,trivelle,Programma elettorale M5S,Movimento 5 Stelle,9,red,STOP A NUOVE TRIVELLAZIONI E A NUOVI INCENERITORI,
293,Environmental protection,5,Trivelle,trivelle,Programma elettorale PD,Partito Democratico,5,yellow,,
294,Economic affairs,4,Trivelle,trivelle,Programma elettorale PD,Partito Democratico,5,yellow,,