id,category,category_id,subject,subject_slug,subject_id,source,source_slug,list,list_id,endorsement,description
1,Servizi pubblici generali,1,Presidenzialismo,presidenzialismo,20,Programma elettorale +Europa,programma-elettorale--europa,+Europa,3,grey,
2,Servizi pubblici generali,1,Presidenzialismo,presidenzialismo,20,Programma elettorale Alternativa Per l'Italia,programma-elettorale-alternativa-per-l'italia,Alternativa Per l'Italia,14,green,Riforma costituzionale presidenzialista a elezione diretta che impedisca per sempre che il potere esecutivo finisca nelle mani di un tecnocrate non eletto dal popolo.
3,Servizi pubblici generali,1,Presidenzialismo,presidenzialismo,20,Accordo elettorale tra PD e Alleanza Verdi e Sinistra (AVS),accordo-elettorale-tra-pd-e-alleanza-verdi-e-sinistra-avs,Alleanza Verdi e Sinistra,8,red,Ci impegniamo a contrastare ogni iniziativa mirata a modificare l’impianto della nostra Carta Fondamentale. In particolare ribadiamo la nostra opposizione al presidenzialismo
4,Servizi pubblici generali,1,Presidenzialismo,presidenzialismo,20,Programma elettorale Azione Italia Viva,programma-elettorale-azione-italia-viva,Azione-Italia Viva-Calenda,13,green,Proponiamo l’elezione diretta da parte dei cittadini del Presidente del Consiglio sul modello dei sindaci delle città più grandi.
5,Servizi pubblici generali,1,Presidenzialismo,presidenzialismo,20,Programma elettorale Lega,programma-elettorale-lega,Lega,4,green,"Il presidenzialismo, secondo il modello sperimentato in Francia con successo, è la risposta
Eleggere direttamente il Capo dello Stato, in un contesto di rafforzamento dei poteri
di controllo del Parlamento, consentirà ai cittadini di scegliere chi ha la responsabilità
e i poteri per far rispettare la volontà espressa in occasione delle elezioni. Il Presidente
della Repubblica direttamente eletto vigilerà sui comportamenti delle forze politiche,
guiderà la politica nazionale, rappresenterà l’Italia nei consessi internazionali per tutta
la durata del suo mandato"
6,Servizi pubblici generali,1,Presidenzialismo,presidenzialismo,20,Programma elettorale M5S,programma-elettorale-m5s,Movimento 5 Stelle,6,grey,
7,Servizi pubblici generali,1,Presidenzialismo,presidenzialismo,20,Accordo elettorale tra PD e Alleanza Verdi e Sinistra (PD),accordo-elettorale-tra-pd-e-alleanza-verdi-e-sinistra-pd,Partito Democratico,9,red,Ci impegniamo a contrastare ogni iniziativa mirata a modificare l’impianto della nostra Carta Fondamentale. In particolare ribadiamo la nostra opposizione al presidenzialismo
8,Servizi pubblici generali,1,Presidenzialismo,presidenzialismo,20,Programma elettorale Unione Popolare,programma-elettorale-unione-popolare,Unione Popolare,7,grey,
9,Affari economici,4,Apprendistato retribuito,apprendistato-retribuito,2,Programma elettorale AVS,programma-elettorale-avs,Alleanza Verdi e Sinistra,12,green,"Tirocini, contratti a chiamata, staff leasing, tempo determinato, collaborazioni occasionali, partita iva a mono committenza: sono mille le forme della precarietà.

Noi crediamo che tutto questo debba essere cancellato, per tornare alla normalità del contratto a tempo indeterminato, con un tempo di prova iniziale."
10,Affari economici,4,Apprendistato retribuito,apprendistato-retribuito,2,Programma elettorale Azione Italia Viva,programma-elettorale-azione-italia-viva,Azione-Italia Viva-Calenda,13,red,Valuteremo l’opportunità di introdurre agevolazioni per le imprese che attribuiscono un rimborso spese o un’indennità ai tirocinanti o che trasformano il tirocinio in contratto di lavoro.
11,Affari economici,4,Apprendistato retribuito,apprendistato-retribuito,2,Programma elettorale Lega,programma-elettorale-lega,Lega,4,grey,
12,Affari economici,4,Apprendistato retribuito,apprendistato-retribuito,2,Programma elettorale M5S,programma-elettorale-m5s,Movimento 5 Stelle,6,green,"Stage e tirocini non possono essere strumento di sfruttamento della manodopera.
Prevedere pertanto un compenso minimo per i tirocinanti e il riconoscimento del periodo di
tirocinio ai fini pensionistici"
13,Affari economici,4,Apprendistato retribuito,apprendistato-retribuito,2,Programma elettorale PD,programma-elettorale-pd,Partito Democratico,11,green,"l’obbligo di retribuzione per stage curriculari e l’abolizione degli stage extra-curriculari, salvo quelli attivati nei 12 mesi successivi alla conclusione di un percorso di studi, così da assicurare che lo strumento torni a rappresentare un'occasione di formazione (e non più di lavoro mascherato, come è ora). Contemporaneamente incentiveremo l’apprendistato come principale strumento di ingresso nel mercato del lavoro;"
14,Affari economici,4,Apprendistato retribuito,apprendistato-retribuito,2,Programma elettorale Unione Popolare,programma-elettorale-unione-popolare,Unione Popolare,7,grey,
15,Affari economici,4,Aumento assegno unico universale,aumento-assegno-unico-universale,3,Programma elettorale AVS,programma-elettorale-avs,Alleanza Verdi e Sinistra,12,grey,
16,Affari economici,4,Aumento assegno unico universale,aumento-assegno-unico-universale,3,Programma elettorale Azione Italia Viva,programma-elettorale-azione-italia-viva,Azione-Italia Viva-Calenda,13,green,"Potenziamento dell’Assegno Unico e Universale con aumento della maggiorazione in caso di secondo percettore di reddito e revisione dell’ISEE (necessario aumentare il peso: di figli o persone con disabilità a carico delle famiglie)
"
17,Affari economici,4,Aumento assegno unico universale,aumento-assegno-unico-universale,3,Programma elettorale Lega,programma-elettorale-lega,Lega,4,grey,
18,Affari economici,4,Aumento assegno unico universale,aumento-assegno-unico-universale,3,Programma elettorale M5S,programma-elettorale-m5s,Movimento 5 Stelle,6,grey,
19,Affari economici,4,Aumento assegno unico universale,aumento-assegno-unico-universale,3,Programma elettorale PD,programma-elettorale-pd,Partito Democratico,11,green,"Promuoveremo politiche di sostegno per la famiglia, anche per affrontare il problema della povertà infantile, della denatalità e dell’inverno demografico. Ci impegniamo a migliorare ulteriormente l’Assegno unico e universale per i figli a carico, da noi fortemente voluto, potenziando le clausole di salvaguardia, in particolare per le persone con disabilità e le famiglie con figli disabili, e rivedendo il peso della prima casa nel calcolo dell’ISEE utilizzato per l’Assegno unico. Vogliamo valorizzare, adottando un approccio sistemico, le relazioni di prossimità tra comunità e famiglie in tutti i diversi ambiti della vita familiare."
20,Affari economici,4,Aumento assegno unico universale,aumento-assegno-unico-universale,3,Programma elettorale Unione Popolare,programma-elettorale-unione-popolare,Unione Popolare,7,grey,
21,Affari economici,4,Aumento posti lavoro medici,aumento-posti-lavoro-medici,5,Programma elettorale AVS,programma-elettorale-avs,Alleanza Verdi e Sinistra,12,green,"Un Piano di rafforzamento strutturale del personale dipendente, con l’assunzione di complessivi 40 milaoperatori in tre anni, per riportare la dotazione di operatori ai livelli precedenti alla crisi, riducendocontestualmente la spesa per il lavoro precario, le collaborazioni esterne e le esternalizzazioni di servizi."
22,Affari economici,4,Aumento posti lavoro medici,aumento-posti-lavoro-medici,5,Programma elettorale Azione Italia Viva,programma-elettorale-azione-italia-viva,Azione-Italia Viva-Calenda,13,grey,
23,Affari economici,4,Aumento posti lavoro medici,aumento-posti-lavoro-medici,5,Programma elettorale M5S,programma-elettorale-m5s,Movimento 5 Stelle,6,grey,
24,Affari economici,4,Aumento posti lavoro medici,aumento-posti-lavoro-medici,5,Programma elettorale PD,programma-elettorale-pd,Partito Democratico,11,green,"Investiremo sulle Case della Comunità come modello in grado di farsi prossimo alle esigenze di tutta la popolazione, in un’ottica di prossimità e multidisciplinarietà. Finanzieremo un Piano straordinario per il personale del Ssn, superando definitivamente i tetti di spesa in vigore da più di 10 anni, riducendo il ricorso a personale non strutturato (lavoratori precari, collaborazioni esterne ed esternalizzazioni), rafforzando ed incentivando la presenza sul territorio dei Medici di Medicina generale e degli infermieri di comunità, garantendo il tempestivo rinnovo dei contratti di lavoro. Un Piano finanziato attraverso un adeguato incremento del Fondo Sanitario Nazionale, affinché nessuno si ritrovi solo quando ha bisogno di assistenza."
25,Affari economici,4,Aumento posti lavoro medici,aumento-posti-lavoro-medici,5,Programma elettorale Unione Popolare,programma-elettorale-unione-popolare,Unione Popolare,7,green,"Investire massicciamente sulla medicina territoriale non solo sulle strutture, ma anche per l’assunzione di personale per un rilancio della prevenzione a livello territoriale."
26,Salute,7,Aumento medici di base,aumento-medici-di-base,4,Programma elettorale AVS,programma-elettorale-avs,Alleanza Verdi e Sinistra,12,green,"Un Piano di rafforzamento strutturale del personale dipendente, con l’assunzione di complessivi 40 milaoperatori in tre anni, per riportare la dotazione di operatori ai livelli precedenti alla crisi, riducendocontestualmente la spesa per il lavoro precario, le collaborazioni esterne e le esternalizzazioni di servizi."
27,Salute,7,Aumento medici di base,aumento-medici-di-base,4,Programma elettorale Azione Italia Viva,programma-elettorale-azione-italia-viva,Azione-Italia Viva-Calenda,13,yellow,
28,Salute,7,Aumento medici di base,aumento-medici-di-base,4,Programma elettorale Lega,programma-elettorale-lega,Lega,4,yellow,"Un’attenzione particolare merita la riforma e la riorganizzazione dei Medici di Medicina Generale. Va attualizzata rispetto alle necessità, che in prospettiva diventeranno sempre più pressanti, dato l’aumento dell’aspettativa di vita dei pazienti da curare sul territorio, evitando ospedalizzazioni inutili e inappropriate"
29,Salute,7,Aumento medici di base,aumento-medici-di-base,4,Programma elettorale M5S,programma-elettorale-m5s,Movimento 5 Stelle,6,grey,
30,Salute,7,Aumento medici di base,aumento-medici-di-base,4,Programma elettorale PD,programma-elettorale-pd,Partito Democratico,11,green,"Investiremo sulle Case della Comunità come modello in grado di farsi prossimo alle esigenze di tutta la popolazione, in un’ottica di prossimità e multidisciplinarietà. Finanzieremo un Piano straordinario per il personale del Ssn, superando definitivamente i tetti di spesa in vigore da più di 10 anni, riducendo il ricorso a personale non strutturato (lavoratori precari, collaborazioni esterne ed esternalizzazioni), rafforzando ed incentivando la presenza sul territorio dei Medici di Medicina generale e degli infermieri di comunità, garantendo il tempestivo rinnovo dei contratti di lavoro. Un Piano finanziato attraverso un adeguato incremento del Fondo Sanitario Nazionale, affinché nessuno si ritrovi solo quando ha bisogno di assistenza."
31,Salute,7,Aumento medici di base,aumento-medici-di-base,4,Programma elettorale Unione Popolare,programma-elettorale-unione-popolare,Unione Popolare,7,green,"Investire massicciamente sulla medicina territoriale non solo sulle strutture, ma anche per l’assunzione di personale per un rilancio della prevenzione a livello territoriale."
32,Affari economici,4,Conto unico fiscale,conto-unico-fiscale,6,Programma elettorale AVS,programma-elettorale-avs,Alleanza Verdi e Sinistra,12,grey,
33,Affari economici,4,Conto unico fiscale,conto-unico-fiscale,6,Programma elettorale Azione Italia Viva,programma-elettorale-azione-italia-viva,Azione-Italia Viva-Calenda,13,grey,
34,Affari economici,4,Conto unico fiscale,conto-unico-fiscale,6,Programma elettorale Lega,programma-elettorale-lega,Lega,4,grey,
35,Affari economici,4,Conto unico fiscale,conto-unico-fiscale,6,Programma elettorale M5S,programma-elettorale-m5s,Movimento 5 Stelle,6,grey,
36,Affari economici,4,Conto unico fiscale,conto-unico-fiscale,6,Programma elettorale PD,programma-elettorale-pd,Partito Democratico,11,grey,
37,Affari economici,4,Conto unico fiscale,conto-unico-fiscale,6,Programma elettorale Unione Popolare,programma-elettorale-unione-popolare,Unione Popolare,7,grey,
38,Affari economici,4,Energia rinnovabile,energia-rinnovabile,8,Programma elettorale AVS,programma-elettorale-avs,Alleanza Verdi e Sinistra,12,green,Raggiungere per il fabbisogno elettrico 80% di penetrazione rinnovabile al 2030 e quasi 100% al 2035attraverso una programmazione annuale minima di sviluppo rinnovabili e sblocco autorizzazioni.Priorità ad energia solare ed eolico a terra e marino. A tal proposito è necessario realizzare 60GW dirinnovabili entro tre anni individuando anche figure di commissari e sub commissari regionali persbloccare le autorizzazioni.
39,Affari economici,4,Energia rinnovabile,energia-rinnovabile,8,Programma elettorale Azione Italia Viva,programma-elettorale-azione-italia-viva,Azione-Italia Viva-Calenda,13,green,"Rafforzare la strategia sulle energie rinnovabili, anche completando il processo di individuazione delle aree idonee all’installazione di impianti di generazione elettrica da fonti rinnovabili per velocizzare il processo di localizzazione e autorizzazione; completare l’opera di semplificazione delle autorizzazioni per gli impianti; programmare le nuove aste FER; valorizzare l’idroelettrico come asset strategico per il paese; favorire lo sviluppo dell’idrogeno."
40,Affari economici,4,Energia rinnovabile,energia-rinnovabile,8,Programma elettorale Lega,programma-elettorale-lega,Lega,4,green,"Semplificare le procedure e sviluppare, oltre a fotovoltaico ed eolico, le rinnovabili programmabili come idroelettrico, geotermia e biomassa, anche attraverso la realizzazione delle Comunità Energetiche, nonché adeguati sistemi di accumulo per bilanciare domanda e offerta di energia e dunque garantire la stabilità del sistema."
41,Affari economici,4,Energia rinnovabile,energia-rinnovabile,8,Programma elettorale M5S,programma-elettorale-m5s,Movimento 5 Stelle,6,green,"SBUROCRATIZZAZIONE PER FAVORIRE LA CREAZIONE DI IMPIANTI DI ENERGIA RINNOVABILE
"
42,Affari economici,4,Energia rinnovabile,energia-rinnovabile,8,Programma elettorale PD,programma-elettorale-pd,Partito Democratico,11,green,"La transizione verde non deve essere vissuta in chiave difensiva. È invece un’occasione per cambiare paradigma. Investire subito, da oggi, nell’energia pulita è tre volte strategico. Primo, perché contrasta il cambiamento climatico abbattendo le emissioni di CO2. Secondo, perché taglia in maniera strutturale il prezzo delle bollette per famiglie e imprese e crea nuovi posti di lavoro. Terzo, perché rafforza la nostra sicurezza nazionale, riducendo la dipendenza dall’importazione di fonti fossili dall’estero."
43,Affari economici,4,Energia rinnovabile,energia-rinnovabile,8,Programma elettorale Unione Popolare,programma-elettorale-unione-popolare,Unione Popolare,7,green,"Piano di investimenti straordinario nelle energie rinnovabili (almeno 10 GW di nuove
installazioni l’anno), distribuite sull’intero territorio nazionale, con impianti fotovoltaici
preferibilmente in aree già artificializzate ed eolici preferibilmente offshore, non favorendo
ulteriore consumo di suolo."
44,Servizi pubblici generali,1,Flat tax,flat-tax,9,Programma elettorale AVS,programma-elettorale-avs,Alleanza Verdi e Sinistra,12,red,"Riforma dell’imposta sulle persone fisiche
Oggi in Italia chi vive di rendite finanziarie o immobiliari paga meno tasse di chi lavora.

Noi crediamo invece che tutte le fonti di reddito debbano essere cumulate e tassate alla stessa maniera, con un’imposta unica e progressiva.

Vogliamo inoltre che il carico fiscale sia redistribuito, a vantaggio dei redditi più bassi.

Per questo proponiamo di alzare a 1.000 euro la quota di reddito esente da imposte, per poi applicare un’aliquota mobile crescente sul modello tedesco, che arrivi al 65% per i redditi superiori ai 10 milioni di euro."
45,Servizi pubblici generali,1,Flat tax,flat-tax,9,Programma elettorale Azione Italia Viva,programma-elettorale-azione-italia-viva,Azione-Italia Viva-Calenda,13,red,"Proponiamo di riformare l’Irpef attraverso questi interventi:
• introduzione di un minimo esente, inteso come maxi-deduzione corrispondente all’ammon- tare che viene giudicato essenziale per sopravvivere. Esso, in una società liberale e attenta agli ultimi, non può essere oggetto di tassazione da parte dello Stato;
• unificazione tra la detrazione per lavoro autonomo e quella per lavoro dipendente;
• semplificazione dell’imposta, spostando tutte le spese fiscali in un sistema a rimborso diretto: pagamenti con strumenti tracciabili, e periodicamente lo Stato rimborserà la percen- tuale oggetto della vecchia detrazione;
• semplificazione della struttura delle aliquote;
• detassazione specifica per i giovani: totale fino a 25 anni, ridotta del 50% fino a 29 anni;
• creazione della tassazione negativa, sul modello anglosassone: per i livelli di retribuzione inferiori al minimo esente, lo Stato integrerà la retribuzione del lavoratore in misura crescen- te con la retribuzione stessa. In questo modo, si inverte la distorsione causata dal Rdc e lo si trasforma in una logica per la quale più il percettore si impegna, più la retribuzione viene integrata;
• detassazione straordinaria - per il solo 2022 – di una extra mensilità (fino a 2,200 euro), che le imprese potranno scegliere di erogare ai propri dipendenti ai fini alleviare gli effetti dell’inflazione.
"
46,Servizi pubblici generali,1,Flat tax,flat-tax,9,Programma elettorale Lega,programma-elettorale-lega,Lega,4,green,"PROSEGUIRE IL PERCORSO VERSO LA FLAT TAX
La Legge di bilancio 2019 (L. 30 dicembre 2018, n. 145) ha introdotto la cosiddetta “mini flat tax”,
ovvero l’estensione fino a € 65mila di fatturato del regime dei minimi per le partite Iva (persone
fisiche esercenti attività d’impresa, arti o professioni). Questo regime ha incontrato e continua ad
incontrare il favore dei contribuenti, soprattutto per la semplicità della sua applicazione. Secondo
l’Osservatorio sulle partite Iva del Mef, nel 2021 hanno aderito a questo regime 239.203 contribuenti,
pari al 43,5% delle nuove aperture di partita Iva. La sua adozione ha dato un contributo
significativo all’emersione del sommerso, determinando un notevole recupero di gettito.
Estensione a € 100mila
Come primo passo sul percorso della Flat tax è indispensabile portare a termine la sua
fase 1 estendendola alle partite Iva con fatturato fino a € 100mila, come già previsto
dalla legge di bilancio approvata nel 2019 (e successivamente abrogata dal governo
Conte II)
Flat tax incrementale
Per favorire la ripresa, e in attesa di una ridefinizione complessiva del sistema di imposizione
sul reddito, proponiamo l’adozione del sistema di Flat tax cosiddetta incrementale,
che assoggetta a imposta sostitutiva gli incrementi di Irpef e Ires, incentivando
l’emersione dell’economia sommersa e non penalizzando la crescita delle aziende.
La proposta Lega, a prima firma Romeo, è depositata dal 2019 presso la Commissione
Finanze del Senato come AS 1071
Flat Tax fase 2
La seconda fase della realizzazione della Flat tax è normata dal disegno di legge AS
1831 a prima firma Siri, depositato nel 2020, e viene attuata attraverso l’introduzione
della Flat Tax per le famiglie fiscali, l’ulteriore accorpamento delle ultime tre aliquote
dell’imposta sul reddito delle persone fisiche (dopo quello disposto dalla legge di bilancio
2022), l’introduzione per due anni della Flat Tax sul reddito incrementale Irpef
e Ires e la riduzione dell’aliquota dell’Ires al 20%
Flat Tax fase 3
Estensione della Flat Tax a tutte le persone fisiche e giuridiche, senza limiti di reddito"
47,Servizi pubblici generali,1,Flat tax,flat-tax,9,Programma elettorale M5S,programma-elettorale-m5s,Movimento 5 Stelle,6,grey,
48,Servizi pubblici generali,1,Flat tax,flat-tax,9,Programma elettorale PD,programma-elettorale-pd,Partito Democratico,11,red,Un sistema fiscale equo e progressivo è alla base del nostro patto di cittadinanza. Le flat tax proposte dalle destre sono propaganda elettorale sulla pelle di chi ha meno: avvantaggiano solo i redditi più alti e sottraggono risorse per il welfare.
49,Servizi pubblici generali,1,Flat tax,flat-tax,9,Programma elettorale Unione Popolare,programma-elettorale-unione-popolare,Unione Popolare,7,red,"Riforma fiscale per ridurre le tasse ai redditi medi e bassi e aumentarle ai redditi alti, con stralcio e cancellazione della riforma fiscale di Draghi che ha tagliato le tasse ai ricchi"
50,Affari economici,4,Inceneritori-Termovalorizzatori,inceneritoritermovalorizzatori,10,Programma elettorale +Europa,programma-elettorale--europa,+Europa,3,green,Avviare la realizzazione di un termovalorizzatore a beneficio di Roma Capitale
51,Affari economici,4,Inceneritori-Termovalorizzatori,inceneritoritermovalorizzatori,10,Programma elettorale AVS,programma-elettorale-avs,Alleanza Verdi e Sinistra,12,red,"Un piano nazionale per la gestione dei rifiuti deve considerare la termovalorizzazione solo come unasoluzione di ultima istanza perché l’incenerimento dei rifiuti non permette il recupero delle materie prime e iprodotti che potrebbero produrre ulteriore valore se riutilizzate o riciclate e reimmesse nel ciclo economico.L’impronta di carbonio dei termovalorizzatori è di 650-800 grammi di CO2 per ogni kWh prodotto, il doppiodi una centrale a gas e quasi quanto una centrale a carbone. Sono necessari gli impianti di compostaggioper il trattamento dell’umido per chiudere il ciclo dei rifiuti."
52,Affari economici,4,Inceneritori-Termovalorizzatori,inceneritoritermovalorizzatori,10,Programma elettorale Azione Italia Viva,programma-elettorale-azione-italia-viva,Azione-Italia Viva-Calenda,13,green,"Il sistema impiantistico italiano per la gestione dei rifiuti è rimasto indietro e deve essere rafforzato. Se da una parte è importante dare priorità alla Strategia UE per l’economia circolare, che privilegia il recupero materico dei rifiuti, non si può pensare di volere un sistema a “rifiuti zero” senza avere un termovalorizzatore. Autorevoli istituti di ricerca hanno stimato un fabbisogno di circa 70 nuovi impianti (es: termovalorizzatori, impianti di trattamento bio-meccanico, impianti di smaltimento, ecc..) da realizzare entro il 2035, per un valore di 10 miliardi di euro circa."
53,Affari economici,4,Inceneritori-Termovalorizzatori,inceneritoritermovalorizzatori,10,Programma elettorale Lega,programma-elettorale-lega,Lega,4,green,"Adottare misure e realizzare impianti per consentire al settore rifiuti di esprimere il suo potenziale in termini di produzione e risparmio di energia, anche per ridurre la dipendenza energetica. Prevedere un piano di distribuzione sul territorio di termovalorizzatori ad alta efficienza energetica per soddisfare il fabbisogno locale e concorrere alla produzione di energia e teleriscaldamento."
54,Affari economici,4,Inceneritori-Termovalorizzatori,inceneritoritermovalorizzatori,10,Programma elettorale M5S,programma-elettorale-m5s,Movimento 5 Stelle,6,red,STOP A NUOVE TRIVELLAZIONI E A NUOVI INCENERITORI
55,Affari economici,4,Inceneritori-Termovalorizzatori,inceneritoritermovalorizzatori,10,Programma elettorale PD,programma-elettorale-pd,Partito Democratico,11,grey,
56,Affari economici,4,Inceneritori-Termovalorizzatori,inceneritoritermovalorizzatori,10,Programma elettorale Unione Popolare,programma-elettorale-unione-popolare,Unione Popolare,7,red,"Per un’economia circolare, equa e solidale, stop inceneritori, fossile e
nucleare."
57,Protezione ambientale,5,Inceneritori-Termovalorizzatori,inceneritoritermovalorizzatori,10,Programma elettorale +Europa,programma-elettorale--europa,+Europa,3,green,Avviare la realizzazione di un termovalorizzatore a beneficio di Roma Capitale
58,Protezione ambientale,5,Inceneritori-Termovalorizzatori,inceneritoritermovalorizzatori,10,Programma elettorale AVS,programma-elettorale-avs,Alleanza Verdi e Sinistra,12,red,"Un piano nazionale per la gestione dei rifiuti deve considerare la termovalorizzazione solo come unasoluzione di ultima istanza perché l’incenerimento dei rifiuti non permette il recupero delle materie prime e iprodotti che potrebbero produrre ulteriore valore se riutilizzate o riciclate e reimmesse nel ciclo economico.L’impronta di carbonio dei termovalorizzatori è di 650-800 grammi di CO2 per ogni kWh prodotto, il doppiodi una centrale a gas e quasi quanto una centrale a carbone. Sono necessari gli impianti di compostaggioper il trattamento dell’umido per chiudere il ciclo dei rifiuti."
59,Protezione ambientale,5,Inceneritori-Termovalorizzatori,inceneritoritermovalorizzatori,10,Programma elettorale Azione Italia Viva,programma-elettorale-azione-italia-viva,Azione-Italia Viva-Calenda,13,green,"Il sistema impiantistico italiano per la gestione dei rifiuti è rimasto indietro e deve essere rafforzato. Se da una parte è importante dare priorità alla Strategia UE per l’economia circolare, che privilegia il recupero materico dei rifiuti, non si può pensare di volere un sistema a “rifiuti zero” senza avere un termovalorizzatore. Autorevoli istituti di ricerca hanno stimato un fabbisogno di circa 70 nuovi impianti (es: termovalorizzatori, impianti di trattamento bio-meccanico, impianti di smaltimento, ecc..) da realizzare entro il 2035, per un valore di 10 miliardi di euro circa."
60,Protezione ambientale,5,Inceneritori-Termovalorizzatori,inceneritoritermovalorizzatori,10,Programma elettorale Lega,programma-elettorale-lega,Lega,4,green,"Adottare misure e realizzare impianti per consentire al settore rifiuti di esprimere il suo potenziale in termini di produzione e risparmio di energia, anche per ridurre la dipendenza energetica. Prevedere un piano di distribuzione sul territorio di termovalorizzatori ad alta efficienza energetica per soddisfare il fabbisogno locale e concorrere alla produzione di energia e teleriscaldamento."
61,Protezione ambientale,5,Inceneritori-Termovalorizzatori,inceneritoritermovalorizzatori,10,Programma elettorale M5S,programma-elettorale-m5s,Movimento 5 Stelle,6,red,STOP A NUOVE TRIVELLAZIONI E A NUOVI INCENERITORI
62,Protezione ambientale,5,Inceneritori-Termovalorizzatori,inceneritoritermovalorizzatori,10,Programma elettorale PD,programma-elettorale-pd,Partito Democratico,11,grey,
63,Protezione ambientale,5,Inceneritori-Termovalorizzatori,inceneritoritermovalorizzatori,10,Programma elettorale Unione Popolare,programma-elettorale-unione-popolare,Unione Popolare,7,red,"Per un’economia circolare, equa e solidale, stop inceneritori, fossile e
nucleare."
64,Affari economici,4,Investimenti infrastrutture,investimenti-infrastrutture,11,Programma elettorale +Europa,programma-elettorale--europa,+Europa,3,green,
65,Affari economici,4,Investimenti infrastrutture,investimenti-infrastrutture,11,Programma elettorale AVS,programma-elettorale-avs,Alleanza Verdi e Sinistra,12,grey,
66,Affari economici,4,Investimenti infrastrutture,investimenti-infrastrutture,11,Programma elettorale Lega,programma-elettorale-lega,Lega,4,green,"Occorre prevedere una «scossa» da 150 miliardi di euro per le infrastrutture del Paese, di cui
metà dal PNRR e metà da opportune forme di ""partnership fra pubblico e privato"" (Ppp).
Dobbiamo investire prioritariamente per attrezzare adeguatamente i nostri Porti con aree retro
portuali capaci di garantire lo sdoganamento delle merci in loco per poi essere trasportate grazie
all’Alta Portabilità nelle destinazioni finali."
67,Affari economici,4,Investimenti infrastrutture,investimenti-infrastrutture,11,Programma elettorale M5S,programma-elettorale-m5s,Movimento 5 Stelle,6,grey,
68,Affari economici,4,Investimenti infrastrutture,investimenti-infrastrutture,11,Programma elettorale PD,programma-elettorale-pd,Partito Democratico,11,green,"Introdurremo il monitoraggio e la messa in sicurezza delle infrastrutture esistenti – in particolare ponti, viadotti e gallerie – attraverso azioni programmate di manutenzione e adattamento alle pressioni indotte dai cambiamenti climatici."
69,Affari economici,4,Nucleare,nucleare,16,Programma elettorale +Europa,programma-elettorale--europa,+Europa,3,green,"Rafforzare la ricerca e la cooperazione scientifica italiana per lo sviluppo di reattori a fusione nucleare e mini reattori modulari di ultima generazione, oltre che di aumentare gli import di energia elettrica da fonti zero e low carbon, mediante meccanismi di asta competitiva, in sostituzione di energia generata da fonti fossili in relazione all’intermittenza delle fonti rinnovabili e alla dinamica della diffusione di soluzioni di accumulo tecnicamente ed economicamente valide. Realizzare il Deposito Nazionale dei rifiuti radioattivi di varia provenienza, a seguito di un processo decisionale trasparente;"
70,Affari economici,4,Nucleare,nucleare,16,Programma elettorale AVS,programma-elettorale-avs,Alleanza Verdi e Sinistra,12,red,"No al nucleare, come da mandato dei due referendum.

Fare chiarezza sulle false sicurezze di inesistente nucleare di quarta generazione e di prossima fusione nucleare, molto lontana nel tempo. Nulla in contrario a continuare attività di ricerca in tal senso, ma è vergognoso promettere ai cittadini la realizzazione in poche decine di anni di tecnologie sulle quali ancora si sono ottenuti solo risultati di laboratorio privi di prospettive concrete nel breve e medio periodo."
71,Affari economici,4,Nucleare,nucleare,16,Programma elettorale Azione Italia Viva,programma-elettorale-azione-italia-viva,Azione-Italia Viva-Calenda,13,green,"L’obiettivo “emissioni zero” al 2050 passa da una forte elettrificazione degli usi di energia, con un fabbisogno elettrico tra il doppio e il triplo dell’attuale. Per questo è necessario utilizzare il giusto mix di generazione, che includa rinnovabili e nucleare, impiegando le migliori tecnologie disponibili"
72,Affari economici,4,Nucleare,nucleare,16,Programma elettorale Lega,programma-elettorale-lega,Lega,4,green,"Nucleare Pulito e Sicuro
In abbinamento con le rinnovabili pianificare lo sviluppo, nel medio-lungo termine, del nucleare
di ultima generazione, pulito e sicuro, riconosciuto nella tassonomia europea, per perseguire
gli obiettivi di decarbonizzazione al 2050 e allo stesso tempo rispondere alla domanda sempre
crescente di energia elettrica, garantire un sistema energetico sicuro e stabile e ridurre la dipendenza
energetica dall’estero."
73,Affari economici,4,Nucleare,nucleare,16,Programma elettorale M5S,programma-elettorale-m5s,Movimento 5 Stelle,6,grey,
74,Affari economici,4,Nucleare,nucleare,16,Programma elettorale PD,programma-elettorale-pd,Partito Democratico,11,red,"Per un domani senza fonti fossili già oggi gli investimenti devono, il più possibile, concentrarsi sull’energia pulita e non inseguire la discussione sulla costruzione di centrali nucleari: perché i tempi di realizzazione e le tecnologie esistenti non sono compatibili con una riduzione significativa delle emissioni entro il 2030 e non risolvono i problemi ambientali ad esse associati."
75,Affari economici,4,Nucleare,nucleare,16,Programma elettorale Unione Popolare,programma-elettorale-unione-popolare,Unione Popolare,7,red,"Per un’economia circolare, equa e solidale, stop inceneritori, fossile e
nucleare."
76,Protezione ambientale,5,Nucleare,nucleare,16,Programma elettorale +Europa,programma-elettorale--europa,+Europa,3,green,"Rafforzare la ricerca e la cooperazione scientifica italiana per lo sviluppo di reattori a fusione nucleare e mini reattori modulari di ultima generazione, oltre che di aumentare gli import di energia elettrica da fonti zero e low carbon, mediante meccanismi di asta competitiva, in sostituzione di energia generata da fonti fossili in relazione all’intermittenza delle fonti rinnovabili e alla dinamica della diffusione di soluzioni di accumulo tecnicamente ed economicamente valide. Realizzare il Deposito Nazionale dei rifiuti radioattivi di varia provenienza, a seguito di un processo decisionale trasparente;"
77,Protezione ambientale,5,Nucleare,nucleare,16,Programma elettorale AVS,programma-elettorale-avs,Alleanza Verdi e Sinistra,12,red,"No al nucleare, come da mandato dei due referendum.

Fare chiarezza sulle false sicurezze di inesistente nucleare di quarta generazione e di prossima fusione nucleare, molto lontana nel tempo. Nulla in contrario a continuare attività di ricerca in tal senso, ma è vergognoso promettere ai cittadini la realizzazione in poche decine di anni di tecnologie sulle quali ancora si sono ottenuti solo risultati di laboratorio privi di prospettive concrete nel breve e medio periodo."
78,Protezione ambientale,5,Nucleare,nucleare,16,Programma elettorale Azione Italia Viva,programma-elettorale-azione-italia-viva,Azione-Italia Viva-Calenda,13,green,"L’obiettivo “emissioni zero” al 2050 passa da una forte elettrificazione degli usi di energia, con un fabbisogno elettrico tra il doppio e il triplo dell’attuale. Per questo è necessario utilizzare il giusto mix di generazione, che includa rinnovabili e nucleare, impiegando le migliori tecnologie disponibili"
79,Protezione ambientale,5,Nucleare,nucleare,16,Programma elettorale Lega,programma-elettorale-lega,Lega,4,green,"Nucleare Pulito e Sicuro
In abbinamento con le rinnovabili pianificare lo sviluppo, nel medio-lungo termine, del nucleare
di ultima generazione, pulito e sicuro, riconosciuto nella tassonomia europea, per perseguire
gli obiettivi di decarbonizzazione al 2050 e allo stesso tempo rispondere alla domanda sempre
crescente di energia elettrica, garantire un sistema energetico sicuro e stabile e ridurre la dipendenza
energetica dall’estero."
80,Protezione ambientale,5,Nucleare,nucleare,16,Programma elettorale M5S,programma-elettorale-m5s,Movimento 5 Stelle,6,grey,
81,Protezione ambientale,5,Nucleare,nucleare,16,Programma elettorale PD,programma-elettorale-pd,Partito Democratico,11,red,"Per un domani senza fonti fossili già oggi gli investimenti devono, il più possibile, concentrarsi sull’energia pulita e non inseguire la discussione sulla costruzione di centrali nucleari: perché i tempi di realizzazione e le tecnologie esistenti non sono compatibili con una riduzione significativa delle emissioni entro il 2030 e non risolvono i problemi ambientali ad esse associati."
82,Protezione ambientale,5,Nucleare,nucleare,16,Programma elettorale Unione Popolare,programma-elettorale-unione-popolare,Unione Popolare,7,red,"Per un’economia circolare, equa e solidale, stop inceneritori, fossile e
nucleare."
83,Servizi pubblici generali,1,Patrimoniale,patrimoniale,18,Programma elettorale AVS,programma-elettorale-avs,Alleanza Verdi e Sinistra,12,green,"Riforma dell’imposta patrimoniale
Oggi in Italia le imposte sui patrimoni sono fatte per gravare molto su chi ha poco e poco su chi ha molto.

Questo è particolarmente intollerabile in un paese dove il 5% più abbiente della popolazione possiede la stessa ricchezza dell’80% più povero.

Per questo noi vogliamo abolire l’IMU e l’imposta di bollo sugli investimenti, per adottare un’imposta patrimoniale personale, unica e progressiva, che gravi sull’insieme di tutti i beni mobili e immobili, di qualsiasi natura.

Prevediamo in questo modo di aumentare la tassazione sui patrimoni o superiori a 5 milioni di euro, con un’imposta progressiva che cresca fino al 2% oltre i 50 milioni."
84,Servizi pubblici generali,1,Patrimoniale,patrimoniale,18,Programma elettorale Azione Italia Viva,programma-elettorale-azione-italia-viva,Azione-Italia Viva-Calenda,13,red,"Non serve inventare nuove tasse, sognare la patrimoniale o riempirsi la bocca di “redistribuzione della ricchezza”, serve il connubio inscindibile tra meritocrazia e pari opportunità."
85,Servizi pubblici generali,1,Patrimoniale,patrimoniale,18,Programma elettorale Lega,programma-elettorale-lega,Lega,4,red,"Rafforzamenti o estensioni delle imposte sul patrimonio sono
inique e inefficienti nella misura in cui scoraggiano il risparmio e quindi il livello di investimenti
e il potenziale di crescita economica del Paese. In termini concreti, proponiamo l’abolizione di
alcune imposte patrimoniali particolarmente penalizzanti per la piccola proprietà immobiliare e
dell’IRAP, che per il suo peculiare meccanismo obbliga le imprese a pagare imposte anche quando
sono in perdita."
86,Servizi pubblici generali,1,Patrimoniale,patrimoniale,18,Programma elettorale M5S,programma-elettorale-m5s,Movimento 5 Stelle,6,grey,
87,Servizi pubblici generali,1,Patrimoniale,patrimoniale,18,Programma elettorale PD,programma-elettorale-pd,Partito Democratico,11,grey,
88,Servizi pubblici generali,1,Patrimoniale,patrimoniale,18,Programma elettorale Unione Popolare,programma-elettorale-unione-popolare,Unione Popolare,7,green,"Introduzione di una tassa sul patrimonio partendo da una soglia di un milione di euro e procedendo con aliquote in senso progressivo, come proposto dall'economista Piketty"
89,Affari economici,4,Ponte sullo Stretto,ponte-sullo-stretto,19,Programma elettorale AVS,programma-elettorale-avs,Alleanza Verdi e Sinistra,12,red,"Ribadiamo il nostro no al ponte sullo stretto di Messina opera inutile, inserita in un contesto ad alto rischio sismico ed idrogeologico e che sottrarrebbe 10 miliardi di euro ad opere e infrastrutture socialmente utili."
90,Affari economici,4,Ponte sullo Stretto,ponte-sullo-stretto,19,Programma elettorale Azione Italia Viva,programma-elettorale-azione-italia-viva,Azione-Italia Viva-Calenda,13,grey,
91,Affari economici,4,Ponte sullo Stretto,ponte-sullo-stretto,19,Programma elettorale Lega,programma-elettorale-lega,Lega,4,green,"completamento del corridoio trans-europeo tra Berlino e Palermo con la realizzazione dellacontinuità
territoriale tra Sicilia e Calabria (ponte sullo Stretto)."
92,Affari economici,4,Ponte sullo Stretto,ponte-sullo-stretto,19,Programma elettorale M5S,programma-elettorale-m5s,Movimento 5 Stelle,6,grey,
93,Affari economici,4,Ponte sullo Stretto,ponte-sullo-stretto,19,Programma elettorale PD,programma-elettorale-pd,Partito Democratico,11,grey,
94,Affari economici,4,Ponte sullo Stretto,ponte-sullo-stretto,19,Programma elettorale Unione Popolare,programma-elettorale-unione-popolare,Unione Popolare,7,grey,
95,Affari economici,4,Realizzazione grandi opere,realizzazione-grandi-opere,21,Programma elettorale AVS,programma-elettorale-avs,Alleanza Verdi e Sinistra,12,green,"Un “Piano straordinario per il trasporto pubblico locale”
Il 74% degli spostamenti riguarda distanze entro i 10 km e viene soddisfatto per oltre il 62% ricorrendo all’auto privata.

Vogliamo affrontare le carenze organizzative, di infrastrutture e dotazione di mezzi per una più elevata qualità del servizio erogato; ampliare e mettere in sicurezza percorsi ciclabili e pedonali; digitalizzare tutti i servizi di mobilità; offrire tariffe agevolate e incentivi all’utilizzo delle alternative all’auto. Per raggiungere questi obiettivi si rende necessario rimodulare il fondo complementare del Pnrr pari a 30 miliardi di euro per destinarlo in via prioritaria agli investimenti sul trasporto pubblico. È necessario favorire lo smart working per tutti i lavoratori e lavoratrici la cui presenza non è richiesta fisicamente.

Proponiamo inoltre che i trasporti pubblici locali e i treni regionali siano resi gratuiti per gli Under 30, così da promuovere nuovi modelli di mobilità fra le giovani generazioni."
96,Affari economici,4,Realizzazione grandi opere,realizzazione-grandi-opere,21,Programma elettorale Azione Italia Viva,programma-elettorale-azione-italia-viva,Azione-Italia Viva-Calenda,13,green,"È necessario effettuare un’analisi dettagliata delle infrastrutture esistenti, per avviare una programmazione robusta e razionale di misure di manutenzione e upgrade basata su una prioritizzazione degli interventi. La strategia programmatica non deve comprendere “ponti verso il nulla”, ovvero quelle opere che non sono inserite in un ecosistema virtuoso di infrastrutture.
Occorre identificare le opere utili per il Paese e quelle non necessarie, che devono essere riconvertite o demolite, favorendo un ripristino dell’ecosistema terrestre. Al contempo, sarà necessario implementare un’azione di riqualificazione delle infrastrutture a servizio delle aree interne, le quali versano in condizioni spesso precarie. Per quanto riguarda la gestione, è necessario introdurre nuovi criteri per la manutenzione ordinaria e straordinaria. Occorre introdurre il “Documento Finanziario dell’Infrastruttura” e il “Documento unico delle manutenzioni nazionali delle grandi opere” per guidare le operazioni da compiere durante tutta la vita dell’infrastruttura, al fine di mantenere adeguati standard.
"
97,Affari economici,4,Realizzazione grandi opere,realizzazione-grandi-opere,21,Programma elettorale Lega,programma-elettorale-lega,Lega,4,green,"CORSIA PREFERENZIALE PER LE GRANDI OPERE
Superare le attuali barriere normative ancora vigenti nel Codice dei Contratti e nella
legislazione ambientale che determinano ritardi e tempi non accettabili per la progettazione
e approvazione delle grandi opere. Superare con urgenza l’attuale processo
di progettazione e attuazione delle opere pubbliche in Italia, attraverso l’adozione a
livello generale del “modello Genova”"
98,Affari economici,4,Realizzazione grandi opere,realizzazione-grandi-opere,21,Programma elettorale M5S,programma-elettorale-m5s,Movimento 5 Stelle,6,grey,
99,Affari economici,4,Realizzazione grandi opere,realizzazione-grandi-opere,21,Programma elettorale PD,programma-elettorale-pd,Partito Democratico,11,grey,
100,Affari economici,4,Realizzazione grandi opere,realizzazione-grandi-opere,21,Programma elettorale Unione Popolare,programma-elettorale-unione-popolare,Unione Popolare,7,red,"No alle grandi opere inutili e dannose come il TAV, autostrade come la Pedemontana, la Valdastico sud, la BreBeMi che cementificano il territorio a fronte di bassi livelli di utenza."
101,Affari economici,4,Revisione PNRR,revisione-pnrr,23,Programma elettorale AVS,programma-elettorale-avs,Alleanza Verdi e Sinistra,12,green,"Serve partecipazione nel delineare il PNRR, nel definire i progetti, nell’esecuzione. Serve maggiore coerenza rispetto alle grandi sfide (transizione ecologica, economia circolare, lotta agli squilibri, salute pubblica) ponendo al centro la disponibilità, la diffusione e l’utilizzo dei saperi. Un intervento di queste dimensioni e questa complessità non può ridursi all’”acquisto” di tecnologia o alla realizzazione di infrastrutture: è urgente affermare un governo sociale dell’innovazione capace di coglierne ricadute, modelli alternativi, implicazioni sociali e ambientali. Se è vero, inoltre, che il PNRR è finalizzato a investimenti a termine, questa massa di risorse può, però, affiancarsi a una programmazione che tenga conto delle risorse che si liberano e possono essere investite. Le risorse che arriveranno e saranno usate spesso per adeguamenti infrastrutturali non possono riproporre le università come parte di operazioni urbanistiche che hanno cementificato le nostre città senza aumentarne la qualità sociale."
102,Affari economici,4,Revisione PNRR,revisione-pnrr,23,Programma elettorale Lega,programma-elettorale-lega,Lega,4,grey,
103,Affari economici,4,Revisione PNRR,revisione-pnrr,23,Programma elettorale M5S,programma-elettorale-m5s,Movimento 5 Stelle,6,grey,
104,Affari economici,4,Revisione PNRR,revisione-pnrr,23,Programma elettorale PD,programma-elettorale-pd,Partito Democratico,11,red,"Gli strumenti li abbiamo e sono molteplici, ma tutti fondati su uno stesso prerequisito: la stabilità necessaria a pianificare investimenti e scelte strategiche che guardano al futuro. Questo a partire dal PNRR e dal suo percorso di riforme interrotto bruscamente per la caduta del governo Draghi. Ciò significa portare a termine nei tempi previsti le tante riforme che l'Italia aspetta da tempo - cominciando da Fisco, Giustizia, Pubblica Amministrazione e Concorrenza - e tutti gli investimenti previsti dal PNRR, per non perdere neanche una delle opportunità offerte dai finanziamenti europei."
105,Servizi pubblici generali,1,Riduzione IVA,riduzione-iva,25,Programma elettorale AVS,programma-elettorale-avs,Alleanza Verdi e Sinistra,12,green,"riduzione dell’aliquota IVA su cibo per animali e prestazioni veterinarie, oggi soggetti a tassazione come “beni di lusso”, che aggrava le condizioni di difficoltà economica di chi ha accolto in casa degli animali come parte della famiglia"
106,Servizi pubblici generali,1,Riduzione IVA,riduzione-iva,25,Programma elettorale Azione Italia Viva,programma-elettorale-azione-italia-viva,Azione-Italia Viva-Calenda,13,green,Passaggio ad un sistema a due aliquote (una ridotta e una ordinaria) e contestuale riordino dei beni e servizi assoggettati a ciascuna aliquota e ad aliquota zero.
107,Servizi pubblici generali,1,Riduzione IVA,riduzione-iva,25,Programma elettorale Lega,programma-elettorale-lega,Lega,4,green,"ABBATTIMENTO DELL’IVA SUI BENI DI PRIMA NECESSITÀ
Per incidere sull’incremento dei prezzi dei beni di prima necessità, la Lega propone di abbattere
le relative aliquote Iva. La proposta Lega, a prima firma Salvini, è depositata dal 2020 presso la Commissione Finanze del Senato come AS 2036."
108,Servizi pubblici generali,1,Riduzione IVA,riduzione-iva,25,Programma elettorale M5S,programma-elettorale-m5s,Movimento 5 Stelle,6,grey,
109,Servizi pubblici generali,1,Riduzione IVA,riduzione-iva,25,Programma elettorale PD,programma-elettorale-pd,Partito Democratico,11,green,"Proponiamo forme di detraibilità delle spese sostenute per la partecipazione alle attività culturali, l’abbattimento dell’IVA per i prodotti culturali

Sempre nel mondo non profit, sotto il profilo poi degli oneri fiscali, proporremo l’eliminazione dei nuovi obblighi IVA previsti dal 2024 e il graduale superamento dell'IRAP."
110,Servizi pubblici generali,1,Riduzione IVA,riduzione-iva,25,Programma elettorale Unione Popolare,programma-elettorale-unione-popolare,Unione Popolare,7,green,"Lotta all’inflazione con eliminazione dell’IVA su prodotti di prima necessità alimentari (es.
pane, pasta, latte)."
111,Affari economici,4,Rigassificatori,rigassificatori,26,Programma elettorale +Europa,programma-elettorale--europa,+Europa,3,green,Realizzare impianti di rigassificazione nel quadro di una strategia nazionale di transizione ecologica virtuosa e sostenibile
112,Affari economici,4,Rigassificatori,rigassificatori,26,Programma elettorale AVS,programma-elettorale-avs,Alleanza Verdi e Sinistra,12,yellow,"Sfruttare tutte le infrastrutture gas esistenti – stoccaggi, gasdotti e rigassificatori – per compensare possibili contrazioni o stop del gas russo prima di considerare nuove infrastrutture gas."
113,Affari economici,4,Rigassificatori,rigassificatori,26,Programma elettorale Azione Italia Viva,programma-elettorale-azione-italia-viva,Azione-Italia Viva-Calenda,13,green,"Completare con procedure straordinarie la costruzione di due rigassificatori galleggianti che consentano l’importazione di gas naturale liquefatto in sostituzione di quello russo
"
114,Affari economici,4,Rigassificatori,rigassificatori,26,Programma elettorale Lega,programma-elettorale-lega,Lega,4,green,"Proseguire con la diversificazione degli
approvvigionamenti e con la realizzazione di infrastrutture strategiche, tra cui i rigassificatori, per
l’affrancamento dal gas russo e per garantire la sicurezza del sistema energetico e la competitività
del Paese."
115,Affari economici,4,Rigassificatori,rigassificatori,26,Programma elettorale M5S,programma-elettorale-m5s,Movimento 5 Stelle,6,grey,
116,Affari economici,4,Rigassificatori,rigassificatori,26,Programma elettorale PD,programma-elettorale-pd,Partito Democratico,11,green,"Altra cosa è il tema dei rigassificatori, il ricorso ai quali appare necessario, ma a condizione che costituiscano soluzioni-ponte, rimanendo attivi pochi anni, e che possano essere smobilitati ben prima del 2050, per non interrompere la prospettiva della transizione ecologica. I territori dove verranno installati dovranno inoltre essere coinvolti nelle decisioni e adeguatamente compensati per l’impatto economico e sociale attraverso l'istituzione di un fondo ad hoc.
In particolare, proponiamo che venga istituito per tutte le infrastrutture legate a servizi di cui benefici l’intero Paese, ma che possono generare significativi impatti locali di tipo socio-economico o ambientale, l’istituzione di un “Fondo Nazionale Compensativo Anti-Nimby”, finalizzato proprio alle politiche di compensazione nel dialogo costruttivo con i territori e alimentato, per una quota, da un versamento di tutte le imprese che operano nella costruzione di infrastrutture sul territorio nazionale e che sono assegnatarie di appalti pubblici."
117,Affari economici,4,Rigassificatori,rigassificatori,26,Programma elettorale Unione Popolare,programma-elettorale-unione-popolare,Unione Popolare,7,grey,
118,Protezione ambientale,5,Rigassificatori,rigassificatori,26,Programma elettorale +Europa,programma-elettorale--europa,+Europa,3,green,Realizzare impianti di rigassificazione nel quadro di una strategia nazionale di transizione ecologica virtuosa e sostenibile
119,Protezione ambientale,5,Rigassificatori,rigassificatori,26,Programma elettorale AVS,programma-elettorale-avs,Alleanza Verdi e Sinistra,12,yellow,"Sfruttare tutte le infrastrutture gas esistenti – stoccaggi, gasdotti e rigassificatori – per compensare possibili contrazioni o stop del gas russo prima di considerare nuove infrastrutture gas."
120,Protezione ambientale,5,Rigassificatori,rigassificatori,26,Programma elettorale Azione Italia Viva,programma-elettorale-azione-italia-viva,Azione-Italia Viva-Calenda,13,green,"Completare con procedure straordinarie la costruzione di due rigassificatori galleggianti che consentano l’importazione di gas naturale liquefatto in sostituzione di quello russo
"
121,Protezione ambientale,5,Rigassificatori,rigassificatori,26,Programma elettorale Lega,programma-elettorale-lega,Lega,4,green,"Proseguire con la diversificazione degli
approvvigionamenti e con la realizzazione di infrastrutture strategiche, tra cui i rigassificatori, per
l’affrancamento dal gas russo e per garantire la sicurezza del sistema energetico e la competitività
del Paese."
122,Protezione ambientale,5,Rigassificatori,rigassificatori,26,Programma elettorale M5S,programma-elettorale-m5s,Movimento 5 Stelle,6,grey,
123,Protezione ambientale,5,Rigassificatori,rigassificatori,26,Programma elettorale PD,programma-elettorale-pd,Partito Democratico,11,green,"Altra cosa è il tema dei rigassificatori, il ricorso ai quali appare necessario, ma a condizione che costituiscano soluzioni-ponte, rimanendo attivi pochi anni, e che possano essere smobilitati ben prima del 2050, per non interrompere la prospettiva della transizione ecologica. I territori dove verranno installati dovranno inoltre essere coinvolti nelle decisioni e adeguatamente compensati per l’impatto economico e sociale attraverso l'istituzione di un fondo ad hoc.
In particolare, proponiamo che venga istituito per tutte le infrastrutture legate a servizi di cui benefici l’intero Paese, ma che possono generare significativi impatti locali di tipo socio-economico o ambientale, l’istituzione di un “Fondo Nazionale Compensativo Anti-Nimby”, finalizzato proprio alle politiche di compensazione nel dialogo costruttivo con i territori e alimentato, per una quota, da un versamento di tutte le imprese che operano nella costruzione di infrastrutture sul territorio nazionale e che sono assegnatarie di appalti pubblici."
124,Protezione ambientale,5,Rigassificatori,rigassificatori,26,Programma elettorale Unione Popolare,programma-elettorale-unione-popolare,Unione Popolare,7,grey,
125,Affari economici,4,Salario minimo,salario-minimo,27,Programma elettorale AVS,programma-elettorale-avs,Alleanza Verdi e Sinistra,12,green,"Salario minimo
Non dovrebbe essere possibile in una Repubblica fondata sul Lavoro, ma oggi in Italia succede di firmare un contratto che preveda 4,4 euro l’ora di paga.

È il risultato di anni di leggi penalizzanti per le lavoratrici e i lavoratori, soprattutto giovani, donne e migranti, divisi fra loro, precari, ricattati e costretti ad accettare salari da fame.

Noi crediamo si debba rivoluzionare il sistema: serve una legge sulla rappresentanza nei luoghi di lavoro e l’estensione a tutte e tutti delle tabelle retributive previste per il settore dai sindacati maggiormente rappresentativi.

Se questo non basta, tanto è lo sfruttamento in alcuni settori come la logistica, prevediamo che esista comunque un salario minimo di 10 euro all’ora, sotto cui nessuno possa andare.

Sono 1.200 euro al mese ed è il prezzo della dignità."
126,Affari economici,4,Salario minimo,salario-minimo,27,Programma elettorale Azione Italia Viva,programma-elettorale-azione-italia-viva,Azione-Italia Viva-Calenda,13,green,"L’esigenza di garantire a tutti i lavoratori una retribuzione dignitosa deve passare attraverso una serie di azioni condivise con le parti sociali: una legge sulla rappresentanza che combatta il fenomeno dei contratti pirata e assicuri che siano validi solo i contratti collettivi firmati da organizzazioni realmente rappresentative; la validità erga omnes dei contratti, assicurando la massi ma copertura di ogni tipologia di lavoro residuale, e la fissazione di un minimo di ultima istanza."
127,Affari economici,4,Salario minimo,salario-minimo,27,Programma elettorale Lega,programma-elettorale-lega,Lega,4,green,"È riconosciuto ai lavoratori un salario minimo pari a quello stabilito dai CCNL più diffusi
nel settore"
128,Affari economici,4,Salario minimo,salario-minimo,27,Programma elettorale M5S,programma-elettorale-m5s,Movimento 5 Stelle,6,green,"SALARIO MINIMO
Nove euro lordi l’ora di salario minimo legale per dire stop alle paghe da fame e dare dignità
ai lavoratori che oggi percepiscono di meno"
129,Affari economici,4,Salario minimo,salario-minimo,27,Programma elettorale PD,programma-elettorale-pd,Partito Democratico,11,green,"una legge che riconosca il valore legale erga omnes del trattamento economico complessivo dei contratti collettivi firmati dalle organizzazioni maggiormente rappresentative per debellare i “contratti pirata” e che introduca un salario minimo contrattuale, seguendo il modello tedesco, nei settori a più alta incidenza di povertà lavorativa, con una soglia minima affidata alla proposta delle parti sociali e che comunque rispetti i parametri della direttiva europea (attualmente per l’Italia, secondo alcune stime pari a circa 9 euro lordi orari);"
130,Affari economici,4,Salario minimo,salario-minimo,27,Programma elettorale Unione Popolare,programma-elettorale-unione-popolare,Unione Popolare,7,green,"Introduzione di un salario minimo legale di almeno 10 euro lordi l’ora (1600 euro al mese)
rivalutato annualmente, per mettere fine al lavoro povero e utilizzare il rialzo di tutti i salari
anche come mezzo di politica industriale, per spingere le imprese verso produzioni a più alto
valore aggiunto. Riduzione degli orari di lavoro anche per garantire la cura dei diritti plurimi
delle persone: lavorare tutti e lavorare meno."
131,Affari economici,4,Aumento stipendio docenti,aumento-stipendio-docenti,30,Programma elettorale AVS,programma-elettorale-avs,Alleanza Verdi e Sinistra,12,grey,
132,Affari economici,4,Aumento stipendio docenti,aumento-stipendio-docenti,30,Programma elettorale Azione Italia Viva,programma-elettorale-azione-italia-viva,Azione-Italia Viva-Calenda,13,green,"Si deve procedere a firmare il contratto scaduto da troppi anni in modo da garantire un aumento significativo dei salari di tutto il corpo docente. E in parallelo bisogna introdurre forme di carriera per il personale della scuola in modo da riconoscere anche formalmente le diverse professionalità che affiancano il Dirigente Scolastico nel funzionamento organizzativo e didattico, nonché le figure che costituiscono un vero e proprio middle management."
133,Affari economici,4,Aumento stipendio docenti,aumento-stipendio-docenti,30,Programma elettorale Lega,programma-elettorale-lega,Lega,4,green,"La qualità dell’insegnamento parte da un’adeguata conoscenza di caratteristiche e sensibilità di ogni singolo studente. Obiettivo impraticabile affidandosi a un esercito di supplenti, come puntualmente avviene in seguito a una politica che da tempo ha rinunciato a investire sugli insegnanti, di fatto non supportando il loro impegno neanche in aree fragili o disagiate e rendendo difficile anche solo abilitarsi quando sarebbe necessario assumerli a tempo indeterminato. L’invarianza di spesa è ormai alla base del via libera a qualsiasi norma sull’argomento. Se con l’intervento europeo arriveranno fondi importanti per le strutture scolastiche senza che parallelamente lo Stato faccia la sua parte sul fronte del personale (insufficiente e con stipendi lontani dagli standard europei), l’istruzione resta al palo. [...] Le proposte normative della Lega vanno nella direzione di superare tale situazione."
134,Affari economici,4,Aumento stipendio docenti,aumento-stipendio-docenti,30,Programma elettorale M5S,programma-elettorale-m5s,Movimento 5 Stelle,6,green,"ADEGUAMENTO DEGLI STIPENDI DEGLI INSEGNANTI AI LIVELLI EUROPEI
"
135,Affari economici,4,Aumento stipendio docenti,aumento-stipendio-docenti,30,Programma elettorale PD,programma-elettorale-pd,Partito Democratico,11,green,"Vogliamo rimettere al centro la scuola e restituire al mestiere dell’insegnante la dignità e centralità che merita, garantendo una formazione adeguata e continua e allineando, entro i prossimi cinque anni, gli stipendi alla media europea."
136,Affari economici,4,Aumento stipendio docenti,aumento-stipendio-docenti,30,Programma elettorale Unione Popolare,programma-elettorale-unione-popolare,Unione Popolare,7,grey,
137,Affari economici,4,Super bonus,super-bonus,31,Programma elettorale AVS,programma-elettorale-avs,Alleanza Verdi e Sinistra,12,grey,
138,Affari economici,4,Super bonus,super-bonus,31,Programma elettorale Azione Italia Viva,programma-elettorale-azione-italia-viva,Azione-Italia Viva-Calenda,13,grey,
139,Affari economici,4,Super bonus,super-bonus,31,Programma elettorale Lega,programma-elettorale-lega,Lega,4,green,"SUPERBONUS
Si prevede un intervento sulla misura del Superbonus che garantisca garanzie per l’accesso all’agevolazione
fiscale per tutti i soggetti che hanno già maturato il diritto.
Rendere il Superbonus più coerente e applicabile, contemperando le esigenze di contenimento
degli oneri a carico dello Stato con quelle di riqualificazione energetica e adeguamento antisismico
degli edifici, rispondendo agli interessi e alle preoccupazioni di proprietari di casa, imprese
e tecnici."
140,Affari economici,4,Super bonus,super-bonus,31,Programma elettorale M5S,programma-elettorale-m5s,Movimento 5 Stelle,6,green,"SUPERBONUS E ALTRI BONUS EDILIZI STRUTTURALI
Stabilizzazione delle agevolazioni edilizie per permettere la pianificazione degli investimenti sugli
immobili e continuare a migliorare i livelli di risparmio energetico e di conseguenza risparmiare
sulle bollette. Sbloccare e far circolare i crediti d’imposta per evitare il fallimento delle imprese
che ancora oggi non riescono a trasformarli in liquidità per pagare fornitori e dipendenti"
141,Affari economici,4,Super bonus,super-bonus,31,Programma elettorale PD,programma-elettorale-pd,Partito Democratico,11,grey,
142,Affari economici,4,Super bonus,super-bonus,31,Programma elettorale Unione Popolare,programma-elettorale-unione-popolare,Unione Popolare,7,grey,
143,Servizi pubblici generali,1,Taglio cuneo fiscale,taglio-cuneo-fiscale,32,Programma elettorale AVS,programma-elettorale-avs,Alleanza Verdi e Sinistra,12,grey,
144,Servizi pubblici generali,1,Taglio cuneo fiscale,taglio-cuneo-fiscale,32,Programma elettorale Azione Italia Viva,programma-elettorale-azione-italia-viva,Azione-Italia Viva-Calenda,13,green,"Proponiamo di riformare l’Irpef attraverso questi interventi:
• introduzione di un minimo esente, inteso come maxi-deduzione corrispondente all’ammon- tare che viene giudicato essenziale per sopravvivere. Esso, in una società liberale e attenta agli ultimi, non può essere oggetto di tassazione da parte dello Stato;
• unificazione tra la detrazione per lavoro autonomo e quella per lavoro dipendente;
• semplificazione dell’imposta, spostando tutte le spese fiscali in un sistema a rimborso diretto: pagamenti con strumenti tracciabili, e periodicamente lo Stato rimborserà la percen- tuale oggetto della vecchia detrazione;
• semplificazione della struttura delle aliquote;
• detassazione specifica per i giovani: totale fino a 25 anni, ridotta del 50% fino a 29 anni;
• creazione della tassazione negativa, sul modello anglosassone: per i livelli di retribuzione inferiori al minimo esente, lo Stato integrerà la retribuzione del lavoratore in misura crescen- te con la retribuzione stessa. In questo modo, si inverte la distorsione causata dal Rdc e lo si trasforma in una logica per la quale più il percettore si impegna, più la retribuzione viene integrata;
• detassazione straordinaria - per il solo 2022 – di una extra mensilità (fino a 2,200 euro), che le imprese potranno scegliere di erogare ai propri dipendenti ai fini alleviare gli effetti dell’inflazione.
"
145,Servizi pubblici generali,1,Taglio cuneo fiscale,taglio-cuneo-fiscale,32,Programma elettorale Lega,programma-elettorale-lega,Lega,4,green,"riducendo il cuneo fiscale del 50% per start up e Pmi innovative che assumono laureati o con
titolo superiore per 5 anni a patto che siano contratti a tempo indeterminato;"
146,Servizi pubblici generali,1,Taglio cuneo fiscale,taglio-cuneo-fiscale,32,Programma elettorale M5S,programma-elettorale-m5s,Movimento 5 Stelle,6,green,"TAGLIO DEL CUNEO FISCALE PER IMPRESE E LAVORATORI, per ridurre più incisivamente
la differenza fra il costo del lavoratore per l’impresa e il netto percepito in busta paga
dallo stesso lavoratore"
147,Servizi pubblici generali,1,Taglio cuneo fiscale,taglio-cuneo-fiscale,32,Campagna elettorale 2022 PD,campagna-elettorale-2022-pd,Partito Democratico,10,green,"taglio sulle tasse sul lavoro, agendo sui contributi previdenziali. Per alzare immediatamente gli stipendi e affrontare con strumenti straordinari una situazione straordinaria. Per far sì che ne beneficino anche i contribuenti con redditi molto bassi che già hanno IRPEF azzerata."
148,Servizi pubblici generali,1,Taglio cuneo fiscale,taglio-cuneo-fiscale,32,Programma elettorale Unione Popolare,programma-elettorale-unione-popolare,Unione Popolare,7,green,"Riforma fiscale per ridurre le tasse ai redditi medi e bassi e aumentarle ai redditi alti, con stralcio e cancellazione della riforma fiscale di Draghi che ha tagliato le tasse ai ricchi.

Espansione della no-tax area da 8000 a 10.000 euro, perimetrandola per evitare che favorisca anche i redditi alti.
"
149,Servizi pubblici generali,1,Taglio tasse partite IVA,taglio-tasse-partite-iva,33,Programma elettorale AVS,programma-elettorale-avs,Alleanza Verdi e Sinistra,12,grey,
150,Servizi pubblici generali,1,Taglio tasse partite IVA,taglio-tasse-partite-iva,33,Programma elettorale Azione Italia Viva,programma-elettorale-azione-italia-viva,Azione-Italia Viva-Calenda,13,green,"Il regime forfettario ha favorito tanti lavoratori ma, nella sua attuale versione, costituisce una formidabile barriera contro la crescita. Oltre la soglia di 65.000 euro di ricavi annui, infatti, vi è un “burrone” fiscale che scoraggia la crescita o incentiva al sommerso. Proponiamo di realizzare, per chi supera questa soglia, uno scivolo biennale di tassazione agevolata che accompagni gradual- mente l’ingresso alla tassazione ordinaria Irpef."
151,Servizi pubblici generali,1,Taglio tasse partite IVA,taglio-tasse-partite-iva,33,Programma elettorale Lega,programma-elettorale-lega,Lega,4,green,"Come primo passo sul percorso della Flat tax è indispensabile portare a termine la sua fase 1 estendendola alle partite Iva con fatturato fino a € 100mila, come già previsto dalla legge di bilancio approvata nel 2019 (e successivamente abrogata dal governo Conte II)"
152,Servizi pubblici generali,1,Taglio tasse partite IVA,taglio-tasse-partite-iva,33,Programma elettorale M5S,programma-elettorale-m5s,Movimento 5 Stelle,6,grey,
153,Servizi pubblici generali,1,Taglio tasse partite IVA,taglio-tasse-partite-iva,33,Programma elettorale PD,programma-elettorale-pd,Partito Democratico,11,green,"Dal lato fiscale, sosteniamo le attività di artigiani, piccole e medie imprese e professionisti, e proponiamo un pacchetto di ulteriori misure che mettiamo in campo per contrastare i maggiori costi derivanti dalla spinta inflattiva. Per esempio: un’opzione di autoliquidazione mensile delle imposte per partite IVA, autonomi e liberi professionisti e professioniste in alternativa al sistema saldo-acconto e l’estensione della detrazione IRPEF del 50% a tutte le tipologie di start-up per le persone fisiche under 35."
154,Servizi pubblici generali,1,Taglio tasse partite IVA,taglio-tasse-partite-iva,33,Programma elettorale Unione Popolare,programma-elettorale-unione-popolare,Unione Popolare,7,grey,
155,Affari economici,4,Trivelle,trivelle,34,Programma elettorale AVS,programma-elettorale-avs,Alleanza Verdi e Sinistra,12,red,"Stop a nuove trivelle permanente e piano graduale di uscita dalla produzione fossile nazionale entroil 2045, unendosi in occasione della COP27 ai paesi dell’Alleanza oltre il Petrolio e il Gas (BOGA) guidata dalla Danimarca."
156,Affari economici,4,Trivelle,trivelle,34,Programma elettorale Azione Italia Viva,programma-elettorale-azione-italia-viva,Azione-Italia Viva-Calenda,13,green,"Aumentare la produzione di gas nazionale riattivando e potenziando gli impianti già esistenti, anche valutando possibili partnership con le imprese di produzione del gas per la condivisione dei costi in cambio di forniture a prezzi concordati"
157,Affari economici,4,Trivelle,trivelle,34,Programma elettorale Lega,programma-elettorale-lega,Lega,4,green,"Riprendere l’esplorazione e la produzione nazionale di gas naturale, energia ponte per la transizione al 2050, per ridurre la dipendenza energetica."
158,Affari economici,4,Trivelle,trivelle,34,Programma elettorale M5S,programma-elettorale-m5s,Movimento 5 Stelle,6,red,STOP A NUOVE TRIVELLAZIONI E A NUOVI INCENERITORI
159,Affari economici,4,Trivelle,trivelle,34,Programma elettorale PD,programma-elettorale-pd,Partito Democratico,11,grey,
160,Affari economici,4,Trivelle,trivelle,34,Programma elettorale Unione Popolare,programma-elettorale-unione-popolare,Unione Popolare,7,grey,
161,Protezione ambientale,5,Trivelle,trivelle,34,Programma elettorale AVS,programma-elettorale-avs,Alleanza Verdi e Sinistra,12,red,"Stop a nuove trivelle permanente e piano graduale di uscita dalla produzione fossile nazionale entroil 2045, unendosi in occasione della COP27 ai paesi dell’Alleanza oltre il Petrolio e il Gas (BOGA) guidata dalla Danimarca."
162,Protezione ambientale,5,Trivelle,trivelle,34,Programma elettorale Azione Italia Viva,programma-elettorale-azione-italia-viva,Azione-Italia Viva-Calenda,13,green,"Aumentare la produzione di gas nazionale riattivando e potenziando gli impianti già esistenti, anche valutando possibili partnership con le imprese di produzione del gas per la condivisione dei costi in cambio di forniture a prezzi concordati"
163,Protezione ambientale,5,Trivelle,trivelle,34,Programma elettorale Lega,programma-elettorale-lega,Lega,4,green,"Riprendere l’esplorazione e la produzione nazionale di gas naturale, energia ponte per la transizione al 2050, per ridurre la dipendenza energetica."
164,Protezione ambientale,5,Trivelle,trivelle,34,Programma elettorale M5S,programma-elettorale-m5s,Movimento 5 Stelle,6,red,STOP A NUOVE TRIVELLAZIONI E A NUOVI INCENERITORI
165,Protezione ambientale,5,Trivelle,trivelle,34,Programma elettorale PD,programma-elettorale-pd,Partito Democratico,11,grey,
166,Protezione ambientale,5,Trivelle,trivelle,34,Programma elettorale Unione Popolare,programma-elettorale-unione-popolare,Unione Popolare,7,grey,
167,Formazione scolastica,9,Scuola infanzia obbligatoria,scuola-infanzia-obbligatoria,29,Programma elettorale AVS,programma-elettorale-avs,Alleanza Verdi e Sinistra,12,green,"l’estensione del tempo scuola (tempo pieno e tempo prolungato, a seconda dei diversi ordini di scuola) intutte le scuole del territorio nazionale; affinché sempre meno giovani e adolescenti siano lasciati soli con leproprie difficoltà; proponiamo, tra l’altro, di estendere, tra l’altro, l’obbligo scolastico a 18 anni."
168,Formazione scolastica,9,Scuola infanzia obbligatoria,scuola-infanzia-obbligatoria,29,Programma elettorale Azione Italia Viva,programma-elettorale-azione-italia-viva,Azione-Italia Viva-Calenda,13,grey,
169,Formazione scolastica,9,Scuola infanzia obbligatoria,scuola-infanzia-obbligatoria,29,Programma elettorale Lega,programma-elettorale-lega,Lega,4,grey,
170,Formazione scolastica,9,Scuola infanzia obbligatoria,scuola-infanzia-obbligatoria,29,Programma elettorale M5S,programma-elettorale-m5s,Movimento 5 Stelle,6,grey,
171,Formazione scolastica,9,Scuola infanzia obbligatoria,scuola-infanzia-obbligatoria,29,Programma elettorale PD,programma-elettorale-pd,Partito Democratico,11,green,"Intendiamo quindi superare queste discriminazioni, rendendo gratuita e obbligatoria la scuola dell’infanzia nell’ambito del sistema integrato esistente e incrementarne il fondo nazionale, per garantire la progressiva gratuità dei servizi educativi 0-3 anni per i nuclei familiari a basso ISEE, con particolare attenzione all’offerta formativa nel Sud del Paese."
172,Formazione scolastica,9,Scuola infanzia obbligatoria,scuola-infanzia-obbligatoria,29,Programma elettorale Unione Popolare,programma-elettorale-unione-popolare,Unione Popolare,7,grey,
173,Formazione scolastica,9,Aumento stipendio docenti,aumento-stipendio-docenti,30,Programma elettorale AVS,programma-elettorale-avs,Alleanza Verdi e Sinistra,12,grey,
174,Formazione scolastica,9,Aumento stipendio docenti,aumento-stipendio-docenti,30,Programma elettorale Azione Italia Viva,programma-elettorale-azione-italia-viva,Azione-Italia Viva-Calenda,13,green,"Si deve procedere a firmare il contratto scaduto da troppi anni in modo da garantire un aumento significativo dei salari di tutto il corpo docente. E in parallelo bisogna introdurre forme di carriera per il personale della scuola in modo da riconoscere anche formalmente le diverse professionalità che affiancano il Dirigente Scolastico nel funzionamento organizzativo e didattico, nonché le figure che costituiscono un vero e proprio middle management."
175,Formazione scolastica,9,Aumento stipendio docenti,aumento-stipendio-docenti,30,Programma elettorale Lega,programma-elettorale-lega,Lega,4,green,"La qualità dell’insegnamento parte da un’adeguata conoscenza di caratteristiche e sensibilità di ogni singolo studente. Obiettivo impraticabile affidandosi a un esercito di supplenti, come puntualmente avviene in seguito a una politica che da tempo ha rinunciato a investire sugli insegnanti, di fatto non supportando il loro impegno neanche in aree fragili o disagiate e rendendo difficile anche solo abilitarsi quando sarebbe necessario assumerli a tempo indeterminato. L’invarianza di spesa è ormai alla base del via libera a qualsiasi norma sull’argomento. Se con l’intervento europeo arriveranno fondi importanti per le strutture scolastiche senza che parallelamente lo Stato faccia la sua parte sul fronte del personale (insufficiente e con stipendi lontani dagli standard europei), l’istruzione resta al palo. [...] Le proposte normative della Lega vanno nella direzione di superare tale situazione."
176,Formazione scolastica,9,Aumento stipendio docenti,aumento-stipendio-docenti,30,Programma elettorale M5S,programma-elettorale-m5s,Movimento 5 Stelle,6,green,"ADEGUAMENTO DEGLI STIPENDI DEGLI INSEGNANTI AI LIVELLI EUROPEI
"
177,Formazione scolastica,9,Aumento stipendio docenti,aumento-stipendio-docenti,30,Programma elettorale PD,programma-elettorale-pd,Partito Democratico,11,green,"Vogliamo rimettere al centro la scuola e restituire al mestiere dell’insegnante la dignità e centralità che merita, garantendo una formazione adeguata e continua e allineando, entro i prossimi cinque anni, gli stipendi alla media europea."
178,Formazione scolastica,9,Aumento stipendio docenti,aumento-stipendio-docenti,30,Programma elettorale Unione Popolare,programma-elettorale-unione-popolare,Unione Popolare,7,grey,
179,Protezione sociale,10,Alloggi popolari,alloggi-popolari,1,Programma elettorale AVS,programma-elettorale-avs,Alleanza Verdi e Sinistra,12,green,"Vogliamo inoltre che importanti risorse aggiuntive vengano messe a disposizione degli enti locali, perl’adeguamento e il ripristino dell’attuale dotazione di case popolari, con particolare attenzioneall’efficientamento energetico."
180,Protezione sociale,10,Alloggi popolari,alloggi-popolari,1,Programma elettorale Azione Italia Viva,programma-elettorale-azione-italia-viva,Azione-Italia Viva-Calenda,13,grey,
181,Protezione sociale,10,Alloggi popolari,alloggi-popolari,1,Programma elettorale Lega,programma-elettorale-lega,Lega,4,grey,
182,Protezione sociale,10,Alloggi popolari,alloggi-popolari,1,Programma elettorale M5S,programma-elettorale-m5s,Movimento 5 Stelle,6,green,PIANO DI EDILIZIA RESIDENZIALE PUBBLICA con riqualificazione degli edifici esistenti senza consumo di suolo
183,Protezione sociale,10,Alloggi popolari,alloggi-popolari,1,Programma elettorale PD,programma-elettorale-pd,Partito Democratico,11,green,Lanceremo una nuova stagione di politiche abitative per garantire il diritto alla casa. Lo faremo realizzando 500.000 alloggi popolari nei prossimi 10 anni.
184,Protezione sociale,10,Alloggi popolari,alloggi-popolari,1,Programma elettorale Unione Popolare,programma-elettorale-unione-popolare,Unione Popolare,7,green,"Programma di costruzione di 500.000 nuovi alloggi pubblici per affrontare la grave carenza
di case a canone sociale e garantire una dimora a chi non riesce ad averla a prezzi di mercato.
A consumo di suolo zero anche con la riconversione ad alloggi di edilizia popolare del
patrimonio pubblico, di enti e di grandi proprietà private compatibili con la residenza. Piano di
manutenzione ordinaria e straordinaria di alloggi vuoti da anni per loro immediata
assegnazione alle famiglie in graduatoria comunale. Nessuna famiglia senza casa, nessuna
casa senza famiglia."
185,Protezione sociale,10,Contributo affitto giovani,contributo-affitto-giovani,7,Programma elettorale AVS,programma-elettorale-avs,Alleanza Verdi e Sinistra,12,red,"Noi riteniamo che la migliore soluzione praticabile a questo problema sia il rilancio dell’edilizia residenziale pubblica, che le politiche degli ultimi decenni hanno di fatto smantellato nella sua dimensione di welfarediffuso, relegandola ad una dimensione meramente assistenziale ed emergenziale."
186,Protezione sociale,10,Contributo affitto giovani,contributo-affitto-giovani,7,Programma elettorale Azione Italia Viva,programma-elettorale-azione-italia-viva,Azione-Italia Viva-Calenda,13,grey,
187,Protezione sociale,10,Contributo affitto giovani,contributo-affitto-giovani,7,Programma elettorale Lega,programma-elettorale-lega,Lega,4,green,"Garantire un maggior numero di posti letto universitari, anche con misure di sostegno
agli affitti"
188,Protezione sociale,10,Contributo affitto giovani,contributo-affitto-giovani,7,Programma elettorale M5S,programma-elettorale-m5s,Movimento 5 Stelle,6,grey,
189,Protezione sociale,10,Contributo affitto giovani,contributo-affitto-giovani,7,Programma elettorale PD,programma-elettorale-pd,Partito Democratico,11,green,"Aiuteremo le ragazze e i ragazzi a uscire di casa, potenziando il Fondo di garanzia mutui per la prima casa e introducendo un contributo affitti di 2.000 € per studenti e lavoratori (under 35) in base al reddito."
190,Protezione sociale,10,Contributo affitto giovani,contributo-affitto-giovani,7,Programma elettorale Unione Popolare,programma-elettorale-unione-popolare,Unione Popolare,7,grey,
191,Protezione sociale,10,Reddito di cittadinanza,reddito-di-cittadinanza,22,Programma elettorale AVS,programma-elettorale-avs,Alleanza Verdi e Sinistra,12,green,"Rompere il circolo della povertà:
La ripresa economica non potrà prescindere dalla lotta alla povertà, alle disuguaglianze e alla comune presa di coscienza che è insopportabile che queste condizioni creino disparità nelle opportunità di vita delle persone.

In questo contesto intendiamo difendere e rafforzare il reddito di cittadinanza, secondo le previsioni del rapporto elaborato dalla Commissione presieduta da Chiara Saraceno, con l’obiettivo strategico di arrivare ad un vero Reddito Universale di Base."
192,Protezione sociale,10,Reddito di cittadinanza,reddito-di-cittadinanza,22,Programma elettorale Azione Italia Viva,programma-elettorale-azione-italia-viva,Azione-Italia Viva-Calenda,13,green,"Proponiamo che il sussidio venga tolto dopo il primo rifiuto di un’offerta di lavoro congrua e che ci sia un limite temporale di due anni per trovare un’occupazione, dopodiché l’importo dell’assegno deve essere ridotto di almeno un terzo e il beneficiario deve essere preso in carico dai servizi sociali del Comune"
193,Protezione sociale,10,Reddito di cittadinanza,reddito-di-cittadinanza,22,Programma elettorale Lega,programma-elettorale-lega,Lega,4,green,"Con la riforma del Reddito di Cittadinanza si intende:
• per i percettori inidonei al lavoro, mantenere il sostegno al reddito, rivedendo i criteri di
accesso e la scala di equivalenza, dando maggior peso al quoziente familiare, rimodulando
gli importi in funzione delle differenti soglie di povertà assoluta (e quindi del potere d'acquisto)
registrate sul territorio nazionale;
• per i percettori idonei all'attività lavorativa, la misura viene invece riformata trasformandola
in un vero e proprio ammortizzatore sociale finalizzato all'occupazione. Corso di formazione,
tirocinio e contrattualizzazione dei percettori a fine percorso, attraverso il coinvolgimento
delle agenzie private del lavoro, delle associazioni datoriali e attraverso l'utilizzo di
incentivi fiscali e contributivi per l'assunzione dei percettori."
194,Protezione sociale,10,Reddito di cittadinanza,reddito-di-cittadinanza,22,Programma elettorale M5S,programma-elettorale-m5s,Movimento 5 Stelle,6,green,"RAFFORZAMENTO DEL REDDITO DI CITTADINANZA
Misure per rendere più efficiente il sistema delle politiche attive. Monitoraggio delle
misure antifrode"
195,Protezione sociale,10,Reddito di cittadinanza,reddito-di-cittadinanza,22,Programma elettorale PD,programma-elettorale-pd,Partito Democratico,11,green,"Dopo l’introduzione del salario minimo e del Reddito di Cittadinanza (che andrà opportunamente ricalibrato secondo le indicazioni elaborate dalla Commissione Saraceno, a partire dall’ingiustificata penalizzazione delle famiglie numerose e/o con minori) è necessario completare il sistema con un altro meccanismo: l’integrazione pubblica alla retribuzione (in-work benefit) in favore dei lavoratori e delle lavoratrici a basso reddito, come proposto dalla Commissione sul lavoro povero. Questo tipo di integrazione introduce nel sistema opportuni incentivi di ricerca e permanenza di occupazione, permette l’emersione del lavoro nero e incentiva al lavoro. In questo quadro, appare utile favorire la cumulabilità tra sussidi e lavoro, senza disincentivare la partecipazione al mercato del lavoro, anche in questo caso secondo le indicazioni della Commissione Saraceno. Infine, proponiamo di ridurre il periodo minimo di residenza in Italia per accedere al Reddito di Cittadinanza, oggi fissato in 10 anni."
196,Protezione sociale,10,Reddito di cittadinanza,reddito-di-cittadinanza,22,Programma elettorale Unione Popolare,programma-elettorale-unione-popolare,Unione Popolare,7,green,Portare il Reddito di cittadinanza da 780 a 1000 euro al mese; innalzare la soglia di accesso ISEE da 9360 a 12.000 euro e renderlo una misura individuale e non esclusivamente legata al nucleo familiare. Introdurre il reddito domestico per garantire dignità ad ogni persona.
197,Protezione sociale,10,Riduzione bolletta energetica,riduzione-bolletta-energetica,24,Programma elettorale AVS,programma-elettorale-avs,Alleanza Verdi e Sinistra,12,grey,
198,Protezione sociale,10,Riduzione bolletta energetica,riduzione-bolletta-energetica,24,Programma elettorale Azione Italia Viva,programma-elettorale-azione-italia-viva,Azione-Italia Viva-Calenda,13,green,"Aiutare le imprese a ridurre i costi della bolletta elettrica incentivando con garanzia statale la produzione di energia rinnovabile per autoconsumo (inclusi i sistemi di accumulo);

Promuovere in EU un price cap a tutto il gas importato per ridurre anche il costo dell’energia elettrica. In subordine, introdurre modalità più efficienti e più efficaci di quelle recentemen- te individuate per trasferire la extra-rendita reale (non presunta) delle imprese energetiche – inclusi i trader – a famiglie meno abbienti e imprese energivore
"
199,Protezione sociale,10,Riduzione bolletta energetica,riduzione-bolletta-energetica,24,Programma elettorale Lega,programma-elettorale-lega,Lega,4,green,"Proseguire con misure transitorie già introdotte nell’ultimo anno quali l’annullamento degli oneri di sistema delle bollette elettriche, la riduzione degli oneri di sistema delle bollette del gas per utenze domestiche e non domestiche, il potenziamento del bonus sociale elettricità e gas alle famiglie in difficoltà e ai clienti domestici in gravi condizioni di salute, la riduzione transitoria dell’Iva al 5% sul gas per usi civili e industriali, il riconoscimento alle imprese (gasivore e non gasivore, nonché energivore e quelle con potenza elettrica uguale o superiore a 16,5 kW) di un credito di imposta delle spese sostenute per l’acquisto di energia elettrica e gas.

Introdurre la riduzione dell’aliquota Iva al 5% anche per le bollette di energia elettrica e alla cessione del calore agli utenti finali tramite teleriscaldamento, nonché alle somministrazioni di energia termica prodotta con impianti alimentati a gas naturale nell’ambito di un Contratto Servizio Energia o di un Contratto di rendimento energetico."
200,Protezione sociale,10,Riduzione bolletta energetica,riduzione-bolletta-energetica,24,Programma elettorale M5S,programma-elettorale-m5s,Movimento 5 Stelle,6,grey,
201,Protezione sociale,10,Riduzione bolletta energetica,riduzione-bolletta-energetica,24,Programma elettorale PD,programma-elettorale-pd,Partito Democratico,11,green,"Partendo da qui, a dimostrazione di come sostenibilità ambientale e sociale si rafforzino a vicenda, introdurremo un nuovo contratto “luce sociale” per le famiglie con redditi medi e bassi. Si tratta di un contratto di fornitura energetica prodotta totalmente da fonti rinnovabili e acquistata direttamente dalla società pubblica Acquirente Unico. Il contratto di acquisto avrà durata decennale e ciò permetterà di ottenere prezzi dell’energia elettrica molto bassi a vantaggio delle famiglie: fino ad un massimo di 1.350 KWh/anno per famiglia (pari al 50% del consumo medio), l’energia elettrica verrà fornita a costo zero, mentre sulla parte di consumo eccedente i prezzi saranno comunque calmierati."
202,Protezione sociale,10,Riduzione bolletta energetica,riduzione-bolletta-energetica,24,Programma elettorale Unione Popolare,programma-elettorale-unione-popolare,Unione Popolare,7,green,Tetto duraturo al prezzo del gas per calmierare le bollette (su modello di Spagna e Portogallo già approvato dalla Commissione Europea).
203,Protezione sociale,10,Scuola infanzia gratuita,scuola-infanzia-gratuita,28,Programma elettorale AVS,programma-elettorale-avs,Alleanza Verdi e Sinistra,12,green,"la gratuità dell’istruzione, dal nido all’università, per tutte e tutti; assumendo, cioè, il diritto universale alsapere come carico di una fiscalità generale realmente progressiva e come parte di un patto tra legenerazioni;"
204,Protezione sociale,10,Scuola infanzia gratuita,scuola-infanzia-gratuita,28,Programma elettorale Azione Italia Viva,programma-elettorale-azione-italia-viva,Azione-Italia Viva-Calenda,13,grey,
205,Protezione sociale,10,Scuola infanzia gratuita,scuola-infanzia-gratuita,28,Programma elettorale Lega,programma-elettorale-lega,Lega,4,grey,
206,Protezione sociale,10,Scuola infanzia gratuita,scuola-infanzia-gratuita,28,Programma elettorale M5S,programma-elettorale-m5s,Movimento 5 Stelle,6,grey,
207,Protezione sociale,10,Scuola infanzia gratuita,scuola-infanzia-gratuita,28,Programma elettorale PD,programma-elettorale-pd,Partito Democratico,11,green,"Intendiamo quindi superare queste discriminazioni, rendendo gratuita e obbligatoria la scuola dell’infanzia nell’ambito del sistema integrato esistente e incrementarne il fondo nazionale, per garantire la progressiva gratuità dei servizi educativi 0-3 anni per i nuclei familiari a basso ISEE, con particolare attenzione all’offerta formativa nel Sud del Paese."
208,Protezione sociale,10,Scuola infanzia gratuita,scuola-infanzia-gratuita,28,Programma elettorale Unione Popolare,programma-elettorale-unione-popolare,Unione Popolare,7,green,"Scuola dell'infanzia comunale o statale garantita a tutti a partire da 3 anni, e costruzione di asili nido pubblici in tutto il paese."
209,Valori e diritti,11,Legge contro omotransfobia,legge-contro-omotransfobia,14,Programma elettorale +Europa,programma-elettorale--europa,+Europa,3,grey,
210,Valori e diritti,11,Legge contro omotransfobia,legge-contro-omotransfobia,14,Programma elettorale AVS,programma-elettorale-avs,Alleanza Verdi e Sinistra,12,green,"Una legge sull’uguaglianza e la pari dignità familiare che dia risposte concrete e che spazzi via l’ipocrisia di voler mantenere le donne, i figli e le figlie delle famiglie arcobaleno e le persone lgbt+ un gradino sotto le altre."
211,Valori e diritti,11,Legge contro omotransfobia,legge-contro-omotransfobia,14,Programma elettorale Azione Italia Viva,programma-elettorale-azione-italia-viva,Azione-Italia Viva-Calenda,13,green,"È necessario approvare quanto prima una legge contro l’omotransfobia, istituire l’Autorità Nazionale Indipendente per la Tutela dei Diritti Umani, e adottare iniziative di prevenzione e contra- sto di ogni linguaggio d’odio."
212,Valori e diritti,11,Legge contro omotransfobia,legge-contro-omotransfobia,14,Programma elettorale Lega,programma-elettorale-lega,Lega,4,grey,Non se ne parla nel programma
213,Valori e diritti,11,Legge contro omotransfobia,legge-contro-omotransfobia,14,Programma elettorale M5S,programma-elettorale-m5s,Movimento 5 Stelle,6,green,MATRIMONIO EGUALITARIO E LEGGE CONTRO L’OMOTRANSFOBIA
214,Valori e diritti,11,Legge contro omotransfobia,legge-contro-omotransfobia,14,Programma elettorale PD,programma-elettorale-pd,Partito Democratico,11,green,Approveremo subito la legge contro l’omolesbobitransfobia (DDL Zan) e introdurremo il matrimonio egualitario.
215,Valori e diritti,11,Legge contro omotransfobia,legge-contro-omotransfobia,14,Programma elettorale Unione Popolare,programma-elettorale-unione-popolare,Unione Popolare,7,green,"Estensione della legge contro il razzismo e gli altri crimini d’odio, anche alle violenze e alle
discriminazioni motivate da orientamento sessuale, identità di sesso, genere e disabilità.

Legge contro l'omolesbobitransfobia e misure positive per fermare la
discriminazione contro la comunità LGBT+. Nuova legge trans, che non patologizzi e assuma
l'identità di genere come autodeterminazione."
216,Valori e diritti,11,Ius scholae,ius-scholae,12,Programma elettorale +Europa,programma-elettorale--europa,+Europa,3,green,"Proponiamo una riforma organica della disciplina in materia di cittadinanza che dia seguito alla Proposta di Legge “IUS SCHOLAE”, affinché sia garantito l’ottenimento della cittadinanza italiana a minori che abbiano intrapreso un percorso scolastico in Italia"
217,Valori e diritti,11,Ius scholae,ius-scholae,12,Programma elettorale AVS,programma-elettorale-avs,Alleanza Verdi e Sinistra,12,green,"Una nuova legge sulla cittadinanza, che parta dallo ius soli e dallo ius scholae, per restituire piena dignità ai tanti e alle tante cittadine che “da straniere/i” contribuiscono alla ricchezza del nostro Paese."
218,Valori e diritti,11,Ius scholae,ius-scholae,12,Programma elettorale Azione Italia Viva,programma-elettorale-azione-italia-viva,Azione-Italia Viva-Calenda,13,green,"Ius Scholae (acquisizione della cittadinanza) per chi abbia frequentato per almeno 5 anni un percorso di formazione in Italia. Inoltre, proponiamo di concedere la cittadinanza a tutti gli studenti stranieri che hanno svolto e completato gli studi universitari in Italia."
219,Valori e diritti,11,Ius scholae,ius-scholae,12,Programma elettorale Lega,programma-elettorale-lega,Lega,4,red,"NO ALLO IUS SOLI
Nessuna modifica alla normativa sulla cittadinanza
La legge 91/92 lega la concessione della cittadinanza al principio dello ius sanguinis.
L’Italia è il Paese in Europa che concede maggiori decreti di cittadinanza, il primo per concessione
di cittadinanza, circa 130 mila nel 2021. Ben oltre Francia e Germania.
Non verrà prevista nessuna modifica rispetto a questo principio.
Nessuna concessione verso il principio dello Ius Soli e declinazioni similari quali lo Ius Scholae,
Ius Culturae o Ius Temperato."
220,Valori e diritti,11,Ius scholae,ius-scholae,12,Programma elettorale M5S,programma-elettorale-m5s,Movimento 5 Stelle,6,green,"IUS SCHOLAE per riconoscere la cittadinanza al minore straniero, che sia nato in Italia o vi abbia
fatto ingresso, qualora abbia completato regolarmente uno o più cicli di studi"
221,Valori e diritti,11,Ius scholae,ius-scholae,12,Programma elettorale PD,programma-elettorale-pd,Partito Democratico,11,green,"Introdurremo lo Ius Scholae, per superare le ingiustificate discriminazioni che ancora oggi vediamo nelle classi italiane. A settembre, bambine e bambini torneranno nelle scuole. Studieranno insieme, mangeranno insieme, giocheranno insieme. Compagne e compagni di classe, che però per la legge non sono uguali. Neanche se parlano la stessa lingua, ascoltano la stessa musica e hanno gli stessi sogni. Perché ancora oggi i figli dei genitori stranieri incontrano barriere ingiustificate nell’accesso alla cittadinanza, anche quando sono nati in Italia, sono cresciuti in Italia e hanno studiato in Italia. È il momento di introdurre una norma che non è solo civiltà: è prima di tutto buonsenso. Chi è figlio di genitori stranieri e studia in Italia diventa cittadino italiano."
222,Valori e diritti,11,Ius scholae,ius-scholae,12,Programma elettorale Unione Popolare,programma-elettorale-unione-popolare,Unione Popolare,7,grey,
223,Valori e diritti,11,Ius soli,ius-soli,13,Programma elettorale AVS,programma-elettorale-avs,Alleanza Verdi e Sinistra,12,green,"Una nuova legge sulla cittadinanza, che parta dallo ius soli e dallo ius scholae, per restituire piena dignità ai tanti e alle tante cittadine che “da straniere/i” contribuiscono alla ricchezza del nostro Paese."
224,Valori e diritti,11,Ius soli,ius-soli,13,Programma elettorale Azione Italia Viva,programma-elettorale-azione-italia-viva,Azione-Italia Viva-Calenda,13,grey,
225,Valori e diritti,11,Ius soli,ius-soli,13,Programma elettorale Lega,programma-elettorale-lega,Lega,4,red,"NO ALLO IUS SOLI
Nessuna modifica alla normativa sulla cittadinanza
La legge 91/92 lega la concessione della cittadinanza al principio dello ius sanguinis.
L’Italia è il Paese in Europa che concede maggiori decreti di cittadinanza, il primo per concessione
di cittadinanza, circa 130 mila nel 2021. Ben oltre Francia e Germania.
Non verrà prevista nessuna modifica rispetto a questo principio.
Nessuna concessione verso il principio dello Ius Soli e declinazioni similari quali lo Ius Scholae,
Ius Culturae o Ius Temperato."
226,Valori e diritti,11,Ius soli,ius-soli,13,Programma elettorale M5S,programma-elettorale-m5s,Movimento 5 Stelle,6,grey,
227,Valori e diritti,11,Ius soli,ius-soli,13,Programma elettorale PD,programma-elettorale-pd,Partito Democratico,11,grey,
228,Valori e diritti,11,Ius soli,ius-soli,13,Programma elettorale Unione Popolare,programma-elettorale-unione-popolare,Unione Popolare,7,green,Approvazione dello ius soli e della cittadinanza ai figli degli immigrati.
229,Valori e diritti,11,Matrimonio egualitario,matrimonio-egualitario,15,Programma elettorale +Europa,programma-elettorale--europa,+Europa,3,green,"Riforma complessiva del diritto di famiglia che, a partire dalla proposta di legge “per l’eguaglianza e la pari dignità familiare” di Famiglie Arcobaleno e Rete Lenford, includa, tra l’altro: l’introduzione del matrimonio egualitario, estensione dell’adozione alle coppie, sposate o meno, anche dello stesso sesso e alle persone single."
230,Valori e diritti,11,Matrimonio egualitario,matrimonio-egualitario,15,Programma elettorale AVS,programma-elettorale-avs,Alleanza Verdi e Sinistra,12,green,"Una legge che preveda l’estensione dei diritti e dei doveri delle coppie eterosessuali anche alle coppie dello stesso sesso: matrimonio egualitario, accesso alle adozioni per persone single e per le coppie dello stesso sesso, accesso ai percorsi di procreazione medicalmente assistita per donne e coppie di donne, riconoscimento di pari diritti per i figli e le figlie con genitori dello stesso sesso."
231,Valori e diritti,11,Matrimonio egualitario,matrimonio-egualitario,15,Programma elettorale Azione Italia Viva,programma-elettorale-azione-italia-viva,Azione-Italia Viva-Calenda,13,grey,
232,Valori e diritti,11,Matrimonio egualitario,matrimonio-egualitario,15,Programma elettorale Lega,programma-elettorale-lega,Lega,4,grey,Non se ne parla nel programma
233,Valori e diritti,11,Matrimonio egualitario,matrimonio-egualitario,15,Programma elettorale M5S,programma-elettorale-m5s,Movimento 5 Stelle,6,green,MATRIMONIO EGUALITARIO E LEGGE CONTRO L’OMOTRANSFOBIA
234,Valori e diritti,11,Matrimonio egualitario,matrimonio-egualitario,15,Programma elettorale PD,programma-elettorale-pd,Partito Democratico,11,green,Approveremo subito la legge contro l’omolesbobitransfobia (DDL Zan) e introdurremo il matrimonio egualitario.
235,Valori e diritti,11,Matrimonio egualitario,matrimonio-egualitario,15,Programma elettorale Unione Popolare,programma-elettorale-unione-popolare,Unione Popolare,7,green,"Disciplina normativa conforme a Costituzione per i matrimoni e le unioni di persone dello stesso sesso e per i figli nati.
Matrimonio egualitario, appunto, con riconoscimento alla nascita dei figli e delle figlie delle coppie omogenitoriali."
236,Valori e diritti,11,Parità salariale,parit-salariale,17,Programma elettorale +Europa,programma-elettorale--europa,+Europa,3,green,"In Italia, il tasso di partecipazione femminile al mondo del lavoro è il più basso in Europa. Nel 2020, oltre 300.000 donne in Italia hanno perso il lavoro, in misura tre volte superiore rispetto agli uomini. Un’occupazione stabile e ben retribuita è la premessa perché le donne acquisiscano emancipazione economica ed autonomia decisionale. Non basta, dunque, avere un’occupazione, questa deve essere anche “dignitosa” (e cioè retribuita alla pari degli uomini), tutelata nelle forme contrattuali, di qualità e non stereotipata. E’ inoltre necessario favorire la partecipazione delle donne nella vita politica del Paese, obiettivo che +Europa è impegnata a perseguire a partire dalla scuola politica di Prime Donne."
237,Valori e diritti,11,Parità salariale,parit-salariale,17,Programma elettorale AVS,programma-elettorale-avs,Alleanza Verdi e Sinistra,12,green,Siamo qui a lottare per la parità salariale e per creare le condizioni affinché le donne possano trovare ilgiusto riconoscimento in posizioni apicali e “ruoli decisionali”.
238,Valori e diritti,11,Parità salariale,parit-salariale,17,Programma elettorale Azione Italia Viva,programma-elettorale-azione-italia-viva,Azione-Italia Viva-Calenda,13,green,"Con la legge n. 162/2021 e le risorse del PNRR, è stata introdotta la Certificazione della parità di genere, che mira ad accompagnare ed incentivare le imprese ad adottare policy adeguate a ridurre il divario di genere in tutte le aree maggiormente critiche, quali - ad esempio - opportunità di crescita in azienda, parità salariale a parità di man- sioni e tutela della maternità. Le aziende dotate della certificazione avranno accesso a un miglior punteggio nelle graduatorie degli appalti e a un esonero parziale del versamento dei contributi previdenziali dei lavoratori."
239,Valori e diritti,11,Parità salariale,parit-salariale,17,Programma elettorale Lega,programma-elettorale-lega,Lega,4,green,"Misure volte al sostegno della parità salariale
"
240,Valori e diritti,11,Parità salariale,parit-salariale,17,Programma elettorale M5S,programma-elettorale-m5s,Movimento 5 Stelle,6,green,"Introdurre misure per un’effettiva parità salariale tra uomini e donne, per fare in modo che di fronte alle stesse qualifiche e alle stesse mansioni le donne abbiano una retribuzione reale non inferiore a quella degli uomini
"
241,Valori e diritti,11,Parità salariale,parit-salariale,17,Programma elettorale PD,programma-elettorale-pd,Partito Democratico,11,green,"Grazie al nostro impegno, nella legislatura appena conclusa abbiamo approvato una legge sulla parità salariale (Legge Gribaudo 162/2021) che garantisce alle donne il diritto di avere giustizia rispetto alle discriminazioni retributive sui luoghi di lavoro. Ma aver fatto la legge non basta. Bisogna farla applicare e farlo bene, perché la parità salariale sia garantita a tutte."
242,Valori e diritti,11,Parità salariale,parit-salariale,17,Programma elettorale Unione Popolare,programma-elettorale-unione-popolare,Unione Popolare,7,green,"Eliminazione di tutti gli ostacoli occupazionali, professionali e salariali alla piena parità di
genere."
