post_id,url,post_title,post_subtitle,type,subject,list,subject_id,list_id
1,https://pagellapolitica.it/articoli/guida-sondaggi-politici,Loading...,"Nelle prossime settimane ne vedremo decine: le informazioni utili per 
saperli leggere",articolo,,,,
2,https://pagellapolitica.it/articoli/promesse-2022-berlusconi-alberi,Loading...,"Il presidente di Forza Italia ha indicato le nuove piante tra i punti del 
suo programma elettorale, ma l’iniziativa non è nuova e presenta diversi 
ostacoli",articolo,Tutela dell'ambiente e del paesaggio,Forza Italia,90,3
3,https://pagellapolitica.it/articoli/vecchi-programmi-fdi,Loading...,"Sui social circolano alcune proposte controverse, ma sono prese da vecchi 
documenti del partito di Giorgia Meloni",articolo,,Fratelli d'Italia,,1
4,https://pagellapolitica.it/articoli/promessa-berlusconi-pensioni-mille-euro,Loading...,"In vista delle elezioni politiche del 25 settembre, il leader di Forza 
Italia ha riproposto uno dei suoi cavalli di battaglia. Al di là della 
proposta, ecco che cosa dicono i dati",articolo,Aumento delle pensioni,Forza Italia,12,3
5,https://pagellapolitica.it/articoli/scadenze-politica-elezioni,Loading...,"Governo e Parlamento dovranno rispettare una serie di scadenze serrate, non 
sempre legate alle necessità elettorali",articolo,Revisione del PNRR,,24,
6,https://pagellapolitica.it/articoli/fact-checking-patto-repubblicano-azione-piu-europa,Loading...,"Dalle pensioni all’istruzione, abbiamo verificato 14 affermazioni contenute 
nel documento presentato dai partiti di Carlo Calenda ed Emma Bonino per le 
elezioni del 25 settembre",articolo,,Azione-Italia Viva-Calenda,,10
7,https://pagellapolitica.it/articoli/lega-pd-immigrazione-fact-checking,Loading...,"Secondo Salvini oggi gli arrivi sono decuplicati rispetto a quando era al 
Viminale, mentre Letta ha ricordato le sue promesse, non mantenute, sui 
rimpatri. Entrambi hanno ragione.",articolo,,Lega,,2
7,https://pagellapolitica.it/articoli/lega-pd-immigrazione-fact-checking,Loading...,"Secondo Salvini oggi gli arrivi sono decuplicati rispetto a quando era al 
Viminale, mentre Letta ha ricordato le sue promesse, non mantenute, sui 
rimpatri. Entrambi hanno ragione.",articolo,,Partito Democratico,,5
8,https://pagellapolitica.it/articoli/fact-checking-berlusconi-intervista-zona-bianca,Loading...,Loading...,articolo,,Forza Italia,,3
9,https://pagellapolitica.it/articoli/sondaggi-politici-affidabili,Loading...,"Nel 2013 e nel 2018 i risultati previsti a due settimane dal voto si 
rivelarono piuttosto lontani dall’esito delle urne, per diversi motivi",articolo,,,,
10,https://pagellapolitica.it/articoli/letta-tasse-successione,Loading...,"Il segretario del Partito democratico ha rispolverato una proposta già 
avanzata a maggio 2021, ma criticata dalla maggior parte delle altre forze 
politiche",articolo,,Partito Democratico,,5
11,https://pagellapolitica.it/articoli/discussioni-candidati-seggi-uninominali,Loading...,"Mentre il centrodestra si spartisce i seggi, la possibile alleanza tra Pd e 
Azione è complicata da alcune «figure divisive» che, secondo Calenda, non 
dovrebbero rappresentare l’intera coalizione di centrosinistra",articolo,,,,
12,https://pagellapolitica.it/articoli/indicazione-ministri-leader-voto,Loading...,"Il leader della Lega Matteo Salvini ha chiesto agli alleati di annunciare 
«alcuni ministri» prima del voto: i precedenti non dovrebbero incoraggiarlo",articolo,,Lega,,2
13,https://pagellapolitica.it/articoli/alleanza-centrosinistra-azione-pd,Loading...,"Dopo giorni di discussioni, i segretari Enrico Letta e Carlo Calenda hanno 
raggiunto un’intesa. Restano incerte le posizioni di Italia viva e di 
Impegno civico",articolo,,,,
14,https://pagellapolitica.it/articoli/testo-accordo-partito-democratico-azione-calenda,Loading...,"Il “Patto elettorale” è stato sottoscritto il 2 agosto dai segretari dei 
tre partiti, che parteciperanno come alleati alle elezioni del prossimo 25 
settembre",articolo,,,,
15,https://pagellapolitica.it/articoli/parlamentarie-m5s-2022,Loading...,"Le candidature sono aperte dal 5 all’8 agosto: dalle regole contro i 
trasformisti al vincolo di residenza, molti requisiti sono cambiati 
rispetto a quattro anni fa",articolo,,Movimento 5 Stelle,,9
16,https://pagellapolitica.it/articoli/ponte-stretto-messina-campagna-elettorale,Loading...,"Da cinquant’anni la promessa di collegare Sicilia e Calabria torna 
d’attualità, ma già i romani ne parlavano circa duemila anni fa",articolo,Ponte sullo Stretto,,53,
17,https://pagellapolitica.it/articoli/problemi-rosatellum,Loading...,"Dall’“effetto flipper” ai collegi molto diversi tra loro, andremo a votare 
con una legge elettorale che produce situazioni bizzarre",articolo,Riforma della legge elettorale,,120,
18,https://pagellapolitica.it/articoli/alleanza-centrosinistra-calenda,Loading...,"Dopo meno di una settimana dalla firma del patto elettorale con il Pd, il 
leader di Azione Carlo Calenda è uscito dalla coalizione. Un riassunto, per 
capire come siamo arrivati fin qui.",articolo,,,,
19,https://pagellapolitica.it/articoli/azione-raccolta-firme-elezioni,Loading...,"Dopo la rottura con il Pd, il partito di Calenda è in una situazione 
complicata. Dall’alleanza con Italia viva alla corsa solo in alcuni 
circoscrizioni, ecco tre possibili scenari",articolo,,Azione-Italia Viva-Calenda,,10
20,https://pagellapolitica.it/articoli/fact-checking-calenda-strappo-pd,Loading...,Loading...,articolo,,Azione-Italia Viva-Calenda,,10
21,https://pagellapolitica.it/articoli/pd-parita-salariale,Loading...,"Lo sostiene il Partito democratico, proponendo nel suo programma elettorale 
la «parità salariale tra donne e uomini». I dati sul divario salariale 
vanno però letti con attenzione",articolo,Parità salariale,Partito Democratico,42,5
22,https://pagellapolitica.it/articoli/promessa-fdi-blocco-navale,Loading...,"In che cosa consiste la proposta del partito di Giorgia Meloni per fermare 
gli sbarchi e perché ha diversi limiti",articolo,Blocco navale,Fratelli d'Italia,108,1
23,https://pagellapolitica.it/articoli/azione-italia-viva-elezioni,Loading...,"Lo hanno annunciato i due leader, Matteo Renzi e Carlo Calenda. I due 
partiti parteciperanno al voto del 25 settembre con una lista unica",articolo,,Azione-Italia Viva-Calenda,,10
24,https://pagellapolitica.it/articoli/programma-centrodestra-elezioni-2022,Loading...,"È stato sottoscritto da Forza Italia, Lega, Fratelli d’Italia e Noi 
moderati in vista del voto del 25 settembre",articolo,,Forza Italia,,3
24,https://pagellapolitica.it/articoli/programma-centrodestra-elezioni-2022,Loading...,"È stato sottoscritto da Forza Italia, Lega, Fratelli d’Italia e Noi 
moderati in vista del voto del 25 settembre",articolo,,Lega,,2
24,https://pagellapolitica.it/articoli/programma-centrodestra-elezioni-2022,Loading...,"È stato sottoscritto da Forza Italia, Lega, Fratelli d’Italia e Noi 
moderati in vista del voto del 25 settembre",articolo,,Fratelli d'Italia,,1
24,https://pagellapolitica.it/articoli/programma-centrodestra-elezioni-2022,Loading...,"È stato sottoscritto da Forza Italia, Lega, Fratelli d’Italia e Noi 
moderati in vista del voto del 25 settembre",articolo,,Noi moderati,,4
25,https://pagellapolitica.it/articoli/flat-tax-promessa-centrodestra,Loading...,"Che cosa sappiamo di questa proposta, perché è molto costosa e perché c’è 
un margine di incertezza sulla sua costituzionalità",articolo,Flat tax,,5,
26,https://pagellapolitica.it/articoli/berlusconi-centrodestra-presidenzialismo,Loading...,"In un’intervista radiofonica, Berlusconi ha detto che in caso di 
introduzione dell’elezione diretta del presidente della Repubblica, 
Mattarella dovrebbe dimettersi. Ma quali sono le intenzioni del 
centrodestra?",articolo,Presidenzialismo,,18,
27,https://pagellapolitica.it/articoli/programma-movimento-5-stelle-elezioni-2022,Loading...,"È lungo 13 pagine e ricalca i nove punti presentati a Draghi durante la 
crisi di governo",articolo,,Movimento 5 Stelle,,9
28,https://pagellapolitica.it/articoli/risultati-elezioni-partiti-centro,Loading...,"Numeri alla mano, dalle politiche del 2001 in poi nessuno è riuscito a 
costruire una lista centrista di successo",articolo,,,,
29,https://pagellapolitica.it/articoli/lega-programma-elezioni-2022,Loading...,"È lungo 202 pagine ed è composto da 41 capitoli, da “Agricoltura” a 
“Università”",articolo,,Lega,,2
30,https://pagellapolitica.it/articoli/italexit-alternativa-italia-elezioni-2022,Loading...,"La prima parte della guida di Pagella Politica ai partiti che si collocano 
fuori dal sistema della politica nazionale ",articolo,,Italexit,,11
30,https://pagellapolitica.it/articoli/italexit-alternativa-italia-elezioni-2022,Loading...,"La prima parte della guida di Pagella Politica ai partiti che si collocano 
fuori dal sistema della politica nazionale ",articolo,,Alternativa Per l'Italia,,15
31,https://pagellapolitica.it/articoli/simboli-elettorali-curiosi,Loading...,Loading...,articolo,,,,
32,https://pagellapolitica.it/articoli/partito-democratico-programma-elezioni-2022,Loading...,"È lungo 37 pagine e poggia su tre pilastri, dalla transizione ecologica ai 
diritti dei cittadini, passando per il lavoro",articolo,,Partito Democratico,,5
33,https://pagellapolitica.it/articoli/unione-popolare-programma-elezioni-2022,Loading...,"È lungo 15 pagine e contiene 120 proposte, dalla lotta per i diritti al 
contrasto dei cambiamenti climatici",articolo,,Unione Popolare,,13
34,https://pagellapolitica.it/articoli/rivoluzione-sanitaria-gilet-arancioni-forza-popolo-elezioni-2022,Loading...,"La seconda parte della guida di Pagella Politica ai partiti che si 
collocano fuori dal sistema della politica nazionale ",articolo,,,,
35,https://pagellapolitica.it/articoli/pnrr-programmi-elezioni,Loading...,"Dal centrodestra al Partito democratico, passando per il Terzo polo e il 
Movimento 5 stelle: ecco chi vuole cambiare gli impegni presi con l’Ue e 
chi no",articolo,Revisione del PNRR,,24,
36,https://pagellapolitica.it/articoli/perche-le-liste-dei-candidati-del-pd-stanno-facendo-discutere,Loading...,"Le scelte di Letta, dovute a dinamiche interne e al taglio dei 
parlamentari, hanno creato malcontento nel partito",articolo,,,,
37,https://pagellapolitica.it/articoli/europa-verde-sinistra-italiana-programma-elezioni-2022,Loading...,"Si articola lungo 18 capitoli e il suo punto principale è «la difesa e 
attuazione della Costituzione repubblicana e antifascista»",articolo,,Alleanza Verdi e Sinistra,,6
38,https://pagellapolitica.it/articoli/azione-italia-viva-programma-elezioni-2022,Loading...,"È lungo 68 pagine e il suo «riferimento fondamentale» è il Piano nazionale 
di ripresa e resilienza",articolo,,Azione-Italia Viva-Calenda,,10
39,https://pagellapolitica.it/articoli/italia-sovrana-popolare-elezioni-2022,Loading...,"La terza parte della guida di Pagella Politica ai partiti che si collocano 
fuori dal sistema della politica nazionale",articolo,,Italia Sovrana e Popolare,,12
40,https://pagellapolitica.it/articoli/fact-checking-meloni-reddito-cittadinanza,Loading...,"Dai costi alle truffe, passando per l’impatto sulla povertà e sul lavoro: 
il fact-checking di quattro dichiarazioni della presidente di Fratelli 
d’Italia",articolo,Reddito di cittadinanza,Forza Italia,11,3
41,https://pagellapolitica.it/articoli/berlusconi-sentenze-assoluzione-inappellabili,Loading...,"In che cosa consiste la proposta del leader di Forza Italia e perché 
rischia di essere incostituzionale",articolo,,Forza Italia,,3
42,https://pagellapolitica.it/articoli/risultati-parlamentarie-movimento-5-stelle,Loading...,"Al voto online hanno partecipato oltre 50mila iscritti, ma l’ultima parola 
sulle liste dei candidati spetta comunque a Conte",articolo,,Movimento 5 Stelle,,9
43,https://pagellapolitica.it/articoli/reddito-cittadinanza-modifiche-elezioni,Loading...,"Tutti i programmi elettorali propongono di modificare il sussidio, ma in 
modi diversi: ecco le posizioni in campo",articolo,Reddito di cittadinanza,,11,
44,https://pagellapolitica.it/articoli/vita-ucdl-elezioni-2022,Loading...,"La quarta e ultima parte della guida di Pagella Politica ai partiti che si 
collocano fuori dal sistema della politica nazionale",articolo,,Vita,,14
45,https://pagellapolitica.it/articoli/meloni-fuorviante-immigrazione-sicurezza-ue,Loading...,"Dagli sbarchi alle richieste d’asilo accettate, abbiamo verificato cinque 
frasi della presidente di Fratelli d’Italia sull’immigrazione",articolo,Blocco navale,Fratelli d'Italia,108,1
46,https://pagellapolitica.it/articoli/programmi-partiti-elezioni-2022,Loading...,"A mano a mano che escono, Pagella Politica raccoglie sul suo sito i 
programmi dei principali partiti che si presenteranno alle elezioni del 25 
settembre",articolo,,,,
47,https://pagellapolitica.it/articoli/possibile-elezioni-2022,Loading...,"Non presenterà una propria lista, ma il fondatore Civati e la segretaria 
Brignone saranno candidati nella lista di Europa verde e Sinistra italiana",articolo,,,,
48,https://pagellapolitica.it/articoli/presidenzialismo-stabilita-governi,Loading...,"Il centrodestra propone l’introduzione dell’elezione diretta del presidente 
della Repubblica, Azione e Italia viva il “sindaco d’Italia”: ecco che cosa 
insegnano gli esempi dall’Europa e dal mondo",articolo,Presidenzialismo,,18,
49,https://pagellapolitica.it/articoli/superbonus-programmi-partiti-elezioni-2022,Loading...,"Che cosa dicono i programmi elettorali sui bonus edilizi: ecco le posizioni 
in campo",articolo,Superbonus 110%,,7,
50,https://pagellapolitica.it/articoli/italexit-italia-sovrana-popolare-alternativa-italia-liste-elezioni-2022,Loading...,"Italexit, Italia sovrana e popolare e Alternativa per l’Italia sembrano 
avercela fatta, mentre altri saranno esclusi",articolo,,Italexit,,11
51,https://pagellapolitica.it/articoli/candidata-italia-viva-azione-disinformazione-guerra-ucraina,Loading...,"Si chiama Stefania Modestino D’Angelo e sulla sua pagina Facebook, negli 
scorsi mesi, ha rilanciato diverse notizie false o fuorvianti sulla guerra 
in Ucraina",articolo,Aiuti militari all'Ucraina,Azione-Italia Viva-Calenda,8,10
52,https://pagellapolitica.it/articoli/piu-europa-programma-elezioni-2022,Loading...,"È lungo 35 pagine ed è composto da 18 capitoli, dalla “Formazione e lavoro” 
al “Benessere animale”",articolo,,+Europa,,7
53,https://pagellapolitica.it/articoli/liste-partiti-elezioni-2022,Loading...,"Dai duelli tra i leader ai cosiddetti “paracadutati”, ecco le cose più 
importanti da sapere ora che sono stati presentati i nomi dei candidati 
alle elezioni",articolo,,,,
54,https://pagellapolitica.it/articoli/fact-checking-meeting-rimini-2022,Loading...,"Dal commercio alla scuola, abbiamo verificato sei dichiarazioni dei leader 
presenti all’incontro",articolo,,,,
55,https://pagellapolitica.it/articoli/salvini-contro-trivelle-gas,Loading...,"Oggi il leader della Lega chiede di riprendere con nuove trivellazioni in 
mare, ma nel 2016 era contrario ai «buchi nell’acqua»",articolo,Trivelle,Lega,15,2
56,https://pagellapolitica.it/articoli/politici-partiti-tiktok-elezioni-2022,Loading...,"Matteo Salvini è il politico più seguito, mentre il Pd e il “Terzo polo” 
sembrano tenersi alla larga dal social network",articolo,,,,
57,https://pagellapolitica.it/articoli/unione-popolare-de-magistris-elezioni-2022,Loading...,"L’alleanza, guidata dall’ex sindaco di Napoli, ha raccolto le firme 
necessarie e potrà partecipare alle elezioni del 25 settembre",articolo,,Unione Popolare,,13
58,https://pagellapolitica.it/articoli/fact-checking-draghi-meeting-rimini-2022,Loading...,"Dall’economia all’energia, abbiamo verificato nove dichiarazioni fatte dal 
presidente del Consiglio dimissionario",articolo,,,,
59,https://pagellapolitica.it/articoli/meloni-incandidabile-elezioni-video-stupro-piacenza,Loading...,"L’ipotesi è stata rilanciata sui social da Fratelli d’Italia ed è stata 
commentata come un «golpe» da Crosetto: ecco come stanno le cose",articolo,,Fratelli d'Italia,,1
60,https://pagellapolitica.it/articoli/fratelli-italia-programma-elezioni-2022,Loading...,"È lungo 40 pagine, divise in 25 sezioni, dal “Sostegno alla natalità e alla 
famiglia” all’“Italia, protagonista in Europa e nel mondo”",articolo,,Fratelli d'Italia,,1
61,https://pagellapolitica.it/articoli/italexit-paragone-programma-elezioni-2022,Loading...,"È lungo 122 pagine e, tra le altre cose, propone la «piena occupazione» il 
«no a qualsiasi forma di controllo e di limitazione sociale»",articolo,,Italexit,,11
62,https://pagellapolitica.it/articoli/forza-italia-programma-elezioni-2022,Loading...,"Il partito di Silvio Berlusconi ha depositato come suo programma quello 
firmato dai partiti della coalizione di centrodestra",articolo,,Forza Italia,,3
63,https://pagellapolitica.it/articoli/italia-sovrana-popolare-programma-elezioni-2022,Loading...,"Nelle due pagine del testo, i movimenti che fanno parte del gruppo politico 
dicono di essere gli «unici con un programma chiaro»",articolo,,Italia Sovrana e Popolare,,12
64,https://pagellapolitica.it/articoli/promesse-mantenute-movimento-5-stelle,Loading...,"Dei 20 punti promessi nel 2018, solo due sono stati completamente 
realizzati. Altri dieci sono stati realizzati in parte e otto non sono 
stati realizzati",articolo,,Movimento 5 Stelle,,9
65,https://pagellapolitica.it/articoli/violenza-donne-programmi-elezioni-2022,Loading...,Loading...,articolo,,,,
66,https://pagellapolitica.it/articoli/candidato-azione-camorrista,Loading...,"La frase è stata detta in modo provocatorio nel 2020 da Pasquale Del Prete, 
a sostegno di un ex sindaco di un comune in provincia di Napoli",articolo,,Azione-Italia Viva-Calenda,,10
67,https://pagellapolitica.it/articoli/ronzulli-rigassificatori-estrazione-gas,Loading...,"Lo ha scritto sui social la senatrice di Forza Italia Licia Ronzulli, 
facendo un po’ di confusione",articolo,Rigassificatori,Forza Italia,17,3
68,https://pagellapolitica.it/articoli/pd-obbligo-scolastico-elezioni-2022,Loading...,"Il segretario Enrico Letta vorrebbe rendere obbligatoria l’istruzione dai 3 
fino ai 18 anni: ecco quali sono le regole nel resto dell’Ue e le obiezioni 
principali",articolo,Obbligo scolastico fino a 18 anni,Partito Democratico,68,5
69,https://pagellapolitica.it/articoli/posizioni-partiti-rigassificatore-piombino,Loading...,"Dal centrosinistra al centrodestra, passando per Italia viva e Azione: ecco 
chi ha preso posizione con chiarezza e chi no",articolo,Rigassificatori,,17,
70,https://pagellapolitica.it/articoli/centrodestra-modifica-costituzione-elezioni-2022,Loading...,"È uno scenario di cui si parla da alcune settimane: numeri alla mano, ecco 
quali possibilità ci sono",articolo,,Fratelli d'Italia,,1
70,https://pagellapolitica.it/articoli/centrodestra-modifica-costituzione-elezioni-2022,Loading...,"È uno scenario di cui si parla da alcune settimane: numeri alla mano, ecco 
quali possibilità ci sono",articolo,,Lega,,2
70,https://pagellapolitica.it/articoli/centrodestra-modifica-costituzione-elezioni-2022,Loading...,"È uno scenario di cui si parla da alcune settimane: numeri alla mano, ecco 
quali possibilità ci sono",articolo,,Forza Italia,,3
71,https://pagellapolitica.it/articoli/letta-pd-condoni-fiscali,Loading...,"Oggi il segretario del Pd dice agli elettori di scegliere tra «meno tasse» 
e «più condoni», ma in passato ne ha fatto uno anche lui quando era 
presidente del Consiglio",articolo,Condoni fiscali o edilizi,Partito Democratico,103,5
72,https://pagellapolitica.it/articoli/promessa-nucleare-italia-elezioni-2022,Loading...,"Quali sono i vantaggi e gli svantaggi del nucleare, quali sono le posizioni 
dei partiti e la situazione in altri Paesi del mondo",articolo,Nucleare,,16,
73,https://pagellapolitica.it/articoli/spese-partiti-facebook-elezioni-2022,Loading...,"Nel primo mese di campagna elettorale, il partito di Letta ha investito 
quasi 34 mila euro in sponsorizzate, una cifra simile a quella di Salvini. 
Ecco quanto spendono gli altri partiti e leader",articolo,,,,
74,https://pagellapolitica.it/articoli/mappa-centrali-nucleare-verdi,Loading...,"Il partito ha diffuso un’immagine con 14 località dove il centrodestra e 
Calenda vorrebbero costruire con «molta probabilità» i nuovi impianti: ecco 
che cosa c’è di vero in questa storia",articolo,Nucleare,Alleanza Verdi e Sinistra,16,6
74,https://pagellapolitica.it/articoli/mappa-centrali-nucleare-verdi,Loading...,"Il partito ha diffuso un’immagine con 14 località dove il centrodestra e 
Calenda vorrebbero costruire con «molta probabilità» i nuovi impianti: ecco 
che cosa c’è di vero in questa storia",articolo,Nucleare,Azione-Italia Viva-Calenda,16,10
75,https://pagellapolitica.it/articoli/salvini-servizio-miliare-obbligatorio,Loading...,"Da anni il segretario della Lega propone di reintrodurre l’obbligo di 
servizio militare per i giovani, senza provarci mai sul serio",articolo,Leva militare obbligatoria,Lega,102,2
76,https://pagellapolitica.it/articoli/scostamento-bilancio-rincari-bollette,Loading...,"Ecco quali sono i partiti che chiedono al governo di prendere soldi a 
debito per contrastare i rincari energetici e quelli che invece sono 
dubbiosi o contrari",articolo,Riduzione delle bollette energetiche,,27,
77,https://pagellapolitica.it/articoli/fratelli-italia-blocco-navale-sophia,Loading...,"Il responsabile del programma del partito dice che l’espressione è una 
«scorciatoia semantica» e che bisogna ripartire dall’operazione Sophia, in 
passato criticata più volte da Meloni",articolo,Blocco navale,Fratelli d'Italia,108,1
78,https://pagellapolitica.it/articoli/camera-regolamento-taglio-parlamentari,Loading...,"I partiti non hanno trovato un accordo per modificare il regolamento dei 
deputati, cosa invece successa in Senato. Gli effetti del taglio dei 
parlamentari potrebbero essere negativi",articolo,Riforma della legge elettorale,,120,
79,https://pagellapolitica.it/articoli/curriculum-politici-leader-elezioni-2022,Loading...,"Professionisti della politica, ex professori e imprenditori: che cosa hanno 
fatto finora i leader dei principali partiti candidati alle elezioni",articolo,,,,
80,https://pagellapolitica.it/articoli/riscatto-laurea-gratuito-m5s,Loading...,"La misura è prevista dal programma elettorale, che però non fa riferimento 
ai costi necessari per finanziarla",articolo,Favorire il riscatto della laurea,Movimento 5 Stelle,91,9
81,https://pagellapolitica.it/fact-checking/bonelli-energia-nucleare-siccita,Loading...,«In Francia le centrali sono ferme per la siccità»,fact-checking,Nucleare,Alleanza Verdi e Sinistra,16,6
82,https://pagellapolitica.it/fact-checking/madia-fuorisede-voto,Loading...,"«Circa due milioni di persone, molte delle quali giovani, che lavorano e 
studiano fuori casa non potranno votare perché la caduta del governo ha 
impedito l’approvazione della proposta di legge #votodovevivo. Eravamo a un 
passo»",fact-checking,Voto per i fuorisede,Partito Democratico,45,5
83,https://pagellapolitica.it/fact-checking/letta-voto-leggi-elettorali,Loading...,"«Io [al voto] di questa legge elettorale non c’ero, e a quella precedente 
non votai la fiducia»",fact-checking,Riforma della legge elettorale,Partito Democratico,120,5
84,https://pagellapolitica.it/fact-checking/vero-gli-insegnanti-italiani-sono-tra-i-meno-pagati-nellue,Loading...,"«L’Italia, tra tutti i Paesi europei, è uno di quelli che paga gli 
insegnanti di scuola media e di scuola superiore meno»",fact-checking,Aumento dello stipendio dei docenti,Partito Democratico,60,5
85,https://pagellapolitica.it/fact-checking/berlsuconi-pd-patrimoniale-casa-eredita,Loading...,"«Il segretario del Pd Letta ha annunciato di voler introdurre una tassa 
patrimoniale sulla prima casa e sulle successioni»",fact-checking,Patrimoniale,Forza Italia,28,3
85,https://pagellapolitica.it/fact-checking/berlsuconi-pd-patrimoniale-casa-eredita,Loading...,"«Il segretario del Pd Letta ha annunciato di voler introdurre una tassa 
patrimoniale sulla prima casa e sulle successioni»",fact-checking,Patrimoniale,Partito Democratico,28,5
86,https://pagellapolitica.it/fact-checking/tajani-pace-fiscale-condono,Loading...,"«Pace fiscale è: “Tu devi mille euro allo Stato, decidi di pagare domani 
mattina: ne paghi 500 [...]”. È una pace fiscale, perché tu paghi, il 
condono vuol dire che non paghi nulla»",fact-checking,Condoni fiscali o edilizi,Forza Italia,103,3
87,https://pagellapolitica.it/fact-checking/flat-tax-lega-18-aliquote,Loading...,«La proposta della Lega [sulla flat tax al 15 per cento] ha 18 aliquote» ,fact-checking,Flat tax,Azione-Italia Viva-Calenda,5,10
87,https://pagellapolitica.it/fact-checking/flat-tax-lega-18-aliquote,Loading...,«La proposta della Lega [sulla flat tax al 15 per cento] ha 18 aliquote» ,fact-checking,Flat tax,Lega,5,2
88,https://pagellapolitica.it/fact-checking/evasione-italia-80-miliardi,Loading...,«L’evasione fiscale in Italia supera gli 80 miliardi di euro ogni anno»,fact-checking,Lotta all'evasione fiscale,Alleanza Verdi e Sinistra,31,6
89,https://pagellapolitica.it/fact-checking/berlusconi-disoccupazione-italia-ue,Loading...,"«Fino a quando siamo stati al governo, la disoccupazione è rimasta sotto la 
media europea»",fact-checking,,Forza Italia,,3
90,https://pagellapolitica.it/fact-checking/salvini-dossier-viminale,Loading...," «I numeri del Viminale parlano chiaro: reati, sbarchi, insicurezza e 
cyber-attacchi in aumento»",fact-checking,Riforma del sistema penitenziario,Lega,105,2
90,https://pagellapolitica.it/fact-checking/salvini-dossier-viminale,Loading...," «I numeri del Viminale parlano chiaro: reati, sbarchi, insicurezza e 
cyber-attacchi in aumento»",fact-checking,Riforma dei trattati Ue sull'immigrazione,Lega,115,2
91,https://pagellapolitica.it/fact-checking/crosetto-aumento-debito-pubblico,Loading...,«Record del debito pubblico. Eppure state dicendo da mesi che stava calando»,fact-checking,,Fratelli d'Italia,,1
92,https://pagellapolitica.it/fact-checking/zan-matrimonio-egualitario-europa,Loading...,"«Il matrimonio egualitario è stato approvato pochi mesi fa anche in 
Slovenia e c’è in Germania, Austria, Francia, Spagna Portogallo, oltre che 
nei Paesi nordici»",fact-checking,Matrimonio egualitario,Partito Democratico,50,5
93,https://pagellapolitica.it/fact-checking/costo-quota-41-pensioni,Loading...,«La proposta della Lega di “quota 41” costa 65 miliardi di euro» ,fact-checking,Aumento delle pensioni,Lega,12,2
93,https://pagellapolitica.it/fact-checking/costo-quota-41-pensioni,Loading...,«La proposta della Lega di “quota 41” costa 65 miliardi di euro» ,fact-checking,Aumento delle pensioni,Azione-Italia Viva-Calenda,12,10
94,https://pagellapolitica.it/fact-checking/aumento-disoccupati-governo-meloni,Loading...,"«Quando Meloni andò al governo, con Berlusconi, tra il 2008 e il 2010 
ricordiamo almeno un milione di disoccupati in più»",fact-checking,,Partito Democratico,,5
94,https://pagellapolitica.it/fact-checking/aumento-disoccupati-governo-meloni,Loading...,"«Quando Meloni andò al governo, con Berlusconi, tra il 2008 e il 2010 
ricordiamo almeno un milione di disoccupati in più»",fact-checking,,Fratelli d'Italia,,1
95,https://pagellapolitica.it/fact-checking/costo-flat-tax-reddito-cittadinanza,Loading...,"«Il costo [della flat tax] è sostanzialmente identico a quello del reddito 
di cittadinanza»",fact-checking,Flat tax,Lega,5,2
95,https://pagellapolitica.it/fact-checking/costo-flat-tax-reddito-cittadinanza,Loading...,"«Il costo [della flat tax] è sostanzialmente identico a quello del reddito 
di cittadinanza»",fact-checking,Reddito di cittadinanza,Lega,11,2
96,https://pagellapolitica.it/fact-checking/legalizzazione-cannabis-pd-sinistra,Loading...,"«Nel programma della sinistra e del Pd c’è anche la possibilità di 
coltivarsi droga in casa, di consumarla e di spacciarla senza essere 
sanzionato»",fact-checking,Legalizzazione della cannabis,Partito Democratico,51,5
96,https://pagellapolitica.it/fact-checking/legalizzazione-cannabis-pd-sinistra,Loading...,"«Nel programma della sinistra e del Pd c’è anche la possibilità di 
coltivarsi droga in casa, di consumarla e di spacciarla senza essere 
sanzionato»",fact-checking,Legalizzazione della cannabis,Lega,51,2
97,https://pagellapolitica.it/fact-checking/boccia-bignami-centrodestra-pnrr,Loading...,"«Gelmini e Carfagna, con Bignami, hanno votato contro il Pnrr il 15 luglio 
2020»",fact-checking,Revisione del PNRR,Partito Democratico,24,5
97,https://pagellapolitica.it/fact-checking/boccia-bignami-centrodestra-pnrr,Loading...,"«Gelmini e Carfagna, con Bignami, hanno votato contro il Pnrr il 15 luglio 
2020»",fact-checking,Revisione del PNRR,Azione-Italia Viva-Calenda,24,10
98,https://pagellapolitica.it/fact-checking/calenda-sondaggi-roma-elezioni,Loading...,Loading...,fact-checking,,Azione-Italia Viva-Calenda,,10
99,https://pagellapolitica.it/fact-checking/segretari-cgil-partito-democratico,Loading...,«Tre degli ultimi quattro segretari generali della Cgil sono finiti nel Pd»,fact-checking,,Partito Democratico,,5
100,https://pagellapolitica.it/fact-checking/berlusconi-taglio-tasse-reagan,Loading...,"«Nell’America di Reagan, negli anni Ottanta il gettito fiscale è quasi 
raddoppiato, a fronte di un taglio delle tasse ben superiore a quello che 
proponiamo noi»",fact-checking,,Forza Italia,,3
101,https://pagellapolitica.it/fact-checking/flat-tax-lega-milionari,Loading...,"«Con la flat tax i milionari continueranno a pagare quello che stanno 
pagando ovviamente»",fact-checking,Flat tax,Lega,5,2
102,https://pagellapolitica.it/fact-checking/centrali-nucleari-paesi-g7,Loading...,Loading...,fact-checking,Nucleare,Azione-Italia Viva-Calenda,16,10
103,https://pagellapolitica.it/fact-checking/flat-tax-evasione-fiscale,Loading...,"«La flat tax ovunque è stata applicata ha fatto emergere molta evasione e 
molto sommerso»",fact-checking,Flat tax,Forza Italia,5,3
103,https://pagellapolitica.it/fact-checking/flat-tax-evasione-fiscale,Loading...,"«La flat tax ovunque è stata applicata ha fatto emergere molta evasione e 
molto sommerso»",fact-checking,Lotta all'evasione fiscale,Forza Italia,31,3
104,https://pagellapolitica.it/fact-checking/consumo-suolo-italia,Loading...,«Il consumo di suolo in Italia viaggia a due metri quadri al secondo» ,fact-checking,Tutela dell'ambiente e del paesaggio,Alleanza Verdi e Sinistra,90,6
105,https://pagellapolitica.it/fact-checking/evasione-fiscale-programma-centrodestra,Loading...,"«La parola “evasione fiscale” non compare neanche una volta in tutto il 
programma del centrodestra»",fact-checking,Lotta all'evasione fiscale,Partito Democratico,31,5
105,https://pagellapolitica.it/fact-checking/evasione-fiscale-programma-centrodestra,Loading...,"«La parola “evasione fiscale” non compare neanche una volta in tutto il 
programma del centrodestra»",fact-checking,Lotta all'evasione fiscale,Forza Italia,31,3
105,https://pagellapolitica.it/fact-checking/evasione-fiscale-programma-centrodestra,Loading...,"«La parola “evasione fiscale” non compare neanche una volta in tutto il 
programma del centrodestra»",fact-checking,Lotta all'evasione fiscale,Lega,31,2
105,https://pagellapolitica.it/fact-checking/evasione-fiscale-programma-centrodestra,Loading...,"«La parola “evasione fiscale” non compare neanche una volta in tutto il 
programma del centrodestra»",fact-checking,Lotta all'evasione fiscale,Fratelli d'Italia,31,1
106,https://pagellapolitica.it/fact-checking/salvini-crescita-demografica-ungheria,Loading...,«Il tasso di incremento demografico in Ungheria è il più avanzato d’Europa»,fact-checking,,Lega,,2
107,https://pagellapolitica.it/fact-checking/carfagna-pd-asilo,Loading...,"«Al Sud l’offerta di asili nido non arriva al 15 per cento dei bambini 
residenti»",fact-checking,Aumento degli asili nido,Azione-Italia Viva-Calenda,48,10
108,https://pagellapolitica.it/fact-checking/salvini-avanzo-commerciale-russia,Loading...," «Da gennaio a luglio di quest’anno l’avanzo commerciale in Russia, dopo le 
sanzioni, tra esportazioni e importazioni, presenta un +192 miliardi di 
dollari»",fact-checking,Sanzioni contro la Russia,Lega,10,2
109,https://pagellapolitica.it/fact-checking/salvini-sbarchi-migranti-azzerati,Loading...,«[Con me ministro] abbiamo azzerato gli sbarchi»,fact-checking,Blocco navale,Lega,108,2
110,https://pagellapolitica.it/fact-checking/studenti-its-italiani-germania,Loading...,"«Il nostro Paese ha meno di 20 mila studenti agli Its mentre la Germania ne 
ha un milione»",fact-checking,Promozione degli Istituti tecnici superiori,Partito Democratico,82,5
111,https://pagellapolitica.it/fact-checking/conte-draghi-spread-record,Loading...,"«Ho lasciato al termine del Conte II lo spread sotto i 100. Adesso con il 
governo Draghi abbiamo superato i 200, abbiamo toccato punte di 250: un 
record storico»",fact-checking,Tetto al prezzo del gas,Movimento 5 Stelle,1,9
112,https://pagellapolitica.it/fact-checking/berlusconi-abolizione-leva-obbligatoria,Loading...,«Siamo stati noi i soli ad abolire il servizio militare obbligatorio» ,fact-checking,Leva militare obbligatoria,Forza Italia,102,3
113,https://pagellapolitica.it/fact-checking/salvini-pd-reddito-cittadinanza-immigrati,Loading...,Loading...,fact-checking,Reddito di cittadinanza,Lega,11,2
113,https://pagellapolitica.it/fact-checking/salvini-pd-reddito-cittadinanza-immigrati,Loading...,Loading...,fact-checking,Reddito di cittadinanza,Partito Democratico,11,5
114,https://pagellapolitica.it/fact-checking/emissioni-ricchi-poveri-mondo,Loading...,"«L’1 per cento della popolazione più ricca del pianeta inquina il doppio 
della metà più povera»",fact-checking,Tutela dell'ambiente e del paesaggio,Alleanza Verdi e Sinistra,90,6
115,https://pagellapolitica.it/fact-checking/meloni-presidenzialismo-governi-europei,Loading...,"«Negli ultimi 20 anni la Francia ha avuto quattro capi di governo, che 
coincide con il presidente della Repubblica. Il Regno Unito ha avuto cinque 
primi ministri, la Germania tre cancellieri, l’Italia 11 presidenti del 
Consiglio»",fact-checking,Presidenzialismo,Fratelli d'Italia,18,1
116,https://pagellapolitica.it/fact-checking/letta-carbon-tax-ue,Loading...,"«A livello europeo abbiamo dato l’okay alla carbon tax [...]. La destra 
italiana ha votato contro»",fact-checking,Energie rinnovabili,Partito Democratico,19,5
117,https://pagellapolitica.it/fact-checking/calenda-centrodestra-contro-trivelle,Loading...,"«Forza Italia, Meloni, Lega erano contro le trivelle. Oggi chiedono più 
produzione nazionale»",fact-checking,Trivelle,Azione-Italia Viva-Calenda,15,10
117,https://pagellapolitica.it/fact-checking/calenda-centrodestra-contro-trivelle,Loading...,"«Forza Italia, Meloni, Lega erano contro le trivelle. Oggi chiedono più 
produzione nazionale»",fact-checking,Trivelle,Fratelli d'Italia,15,1
117,https://pagellapolitica.it/fact-checking/calenda-centrodestra-contro-trivelle,Loading...,"«Forza Italia, Meloni, Lega erano contro le trivelle. Oggi chiedono più 
produzione nazionale»",fact-checking,Trivelle,Lega,15,2
117,https://pagellapolitica.it/fact-checking/calenda-centrodestra-contro-trivelle,Loading...,"«Forza Italia, Meloni, Lega erano contro le trivelle. Oggi chiedono più 
produzione nazionale»",fact-checking,Trivelle,Forza Italia,15,3
118,https://pagellapolitica.it/fact-checking/quanto-emissioni-co2-jet-privato,Loading...,Loading...,fact-checking,Tutela dell'ambiente e del paesaggio,Alleanza Verdi e Sinistra,90,6
119,https://pagellapolitica.it/fact-checking/inflazione-sanzioni-russia,Loading...,"«I Paesi che non hanno imposto le sanzioni alla Russia hanno un’inflazione 
più alta della nostra»",fact-checking,Sanzioni contro la Russia,,10,
120,https://pagellapolitica.it/fact-checking/lega-promesse-non-mantenute,Loading...,"«In passato, sull’immigrazione, su “quota 100”, sulla legittima difesa, 
sulla flat tax, quello che la Lega ha proposto, ha realizzato» (min. 5:20)",fact-checking,Flat tax,,5,
121,https://pagellapolitica.it/fact-checking/meloni-crescita-debito-pubblico,Loading...,Loading...,fact-checking,,Fratelli d'Italia,,1
122,https://pagellapolitica.it/fact-checking/crescita-poverta-assoluta-italia,Loading...,Loading...,fact-checking,,,,
123,https://pagellapolitica.it/fact-checking/importazioni-gas-russia-berlusconi,Loading...,"«Con il mio ultimo governo, all’inizio del 2011, avevamo ridotto la quota 
del gas russo al 19,9 per cento. Tre anni dopo, all’inizio del 2014, con il 
governo Letta la dipendenza dalla Russia era salita al 45,3 per cento: più 
del doppio. Con il governo Conte nel 2019 ha raggiunto il livello record 
del 47,1 per cento»",fact-checking,Energie rinnovabili,Forza Italia,19,3
124,https://pagellapolitica.it/fact-checking/meloni-esagera-occupati-automotive,Loading...,«Noi abbiamo 700 mila persone che lavorano nel campo dell’automotive» ,fact-checking,,Fratelli d'Italia,,1
125,https://pagellapolitica.it/fact-checking/salvini-numero-chiuso-medicina-costo,Loading...,"«Ho ribadito la proposta della Lega a costo zero per lo Stato: libero 
accesso al primo anno per tutti alla facoltà di medicina»",fact-checking,Abolizione del numero chiuso all'università,Lega,95,2